"Method","Uri","Modules","OurName","Action","ShipsAs","CounterpartUris","CounterpartShipsAs"
"DELETE","/applications/{}/appmanagementpolicies/{}/$ref","Applications","Remove-MgApplicationAppManagementPolicyByRef","rename","System.Object[]","/applications/{}/appmanagementpolicies/$ref",""
"DELETE","/applications/{}/appmanagementpolicies/$ref","Applications","Remove-MgApplicationAppManagementPolicyByRef","suppress","System.Object[]","/applications/{}/appmanagementpolicies/{}/$ref","Remove-MgApplicationAppManagementPolicyAppManagementPolicyByRef"
"DELETE","/applications/{}/owners/{}/$ref","Applications","Remove-MgApplicationOwnerByRef","rename","System.Object[]","/applications/{}/owners/$ref",""
"DELETE","/applications/{}/owners/$ref","Applications","Remove-MgApplicationOwnerByRef","suppress","System.Object[]","/applications/{}/owners/{}/$ref","Remove-MgApplicationOwnerDirectoryObjectByRef"
"DELETE","/applications/{}/tokenissuancepolicies/{}/$ref","Applications","Remove-MgApplicationTokenIssuancePolicyByRef","rename","System.Object[]","/applications/{}/tokenissuancepolicies/$ref",""
"DELETE","/applications/{}/tokenissuancepolicies/$ref","Applications","Remove-MgApplicationTokenIssuancePolicyByRef","suppress","System.Object[]","/applications/{}/tokenissuancepolicies/{}/$ref","Remove-MgApplicationTokenIssuancePolicyTokenIssuancePolicyByRef"
"DELETE","/applications/{}/tokenlifetimepolicies/{}/$ref","Applications","Remove-MgApplicationTokenLifetimePolicyByRef","rename","System.Object[]","/applications/{}/tokenlifetimepolicies/$ref",""
"DELETE","/applications/{}/tokenlifetimepolicies/$ref","Applications","Remove-MgApplicationTokenLifetimePolicyByRef","suppress","System.Object[]","/applications/{}/tokenlifetimepolicies/{}/$ref","Remove-MgApplicationTokenLifetimePolicyTokenLifetimePolicyByRef"
"DELETE","/devices/{}/registeredowners/{}/$ref","Identity.DirectoryManagement","Remove-MgDeviceRegisteredOwnerByRef","rename","System.Object[]","/devices/{}/registeredowners/$ref",""
"DELETE","/devices/{}/registeredowners/$ref","Identity.DirectoryManagement","Remove-MgDeviceRegisteredOwnerByRef","suppress","System.Object[]","/devices/{}/registeredowners/{}/$ref","Remove-MgDeviceRegisteredOwnerDirectoryObjectByRef"
"DELETE","/devices/{}/registeredusers/{}/$ref","Identity.DirectoryManagement","Remove-MgDeviceRegisteredUserByRef","rename","System.Object[]","/devices/{}/registeredusers/$ref",""
"DELETE","/devices/{}/registeredusers/$ref","Identity.DirectoryManagement","Remove-MgDeviceRegisteredUserByRef","suppress","System.Object[]","/devices/{}/registeredusers/{}/$ref","Remove-MgDeviceRegisteredUserDirectoryObjectByRef"
"DELETE","/directory/administrativeunits/{}/members/{}/$ref","Identity.DirectoryManagement","Remove-MgDirectoryAdministrativeUnitMemberByRef","rename","System.Object[]","/directory/administrativeunits/{}/members/$ref",""
"DELETE","/directory/administrativeunits/{}/members/$ref","Identity.DirectoryManagement","Remove-MgDirectoryAdministrativeUnitMemberByRef","suppress","System.Object[]","/directory/administrativeunits/{}/members/{}/$ref","Remove-MgDirectoryAdministrativeUnitMemberDirectoryObjectByRef"
"DELETE","/directoryroles/{}/members/{}/$ref","Identity.DirectoryManagement","Remove-MgDirectoryRoleMemberByRef","rename","System.Object[]","/directoryroles/{}/members/$ref",""
"DELETE","/directoryroles/{}/members/$ref","Identity.DirectoryManagement","Remove-MgDirectoryRoleMemberByRef","suppress","System.Object[]","/directoryroles/{}/members/{}/$ref","Remove-MgDirectoryRoleMemberDirectoryObjectByRef"
"DELETE","/education/classes/{}/assignments/{}/categories/{}/$ref","Education","Remove-MgEducationClassAssignmentCategoryByRef","rename","System.Object[]","/education/classes/{}/assignments/{}/categories/$ref",""
"DELETE","/education/classes/{}/assignments/{}/categories/$ref","Education","Remove-MgEducationClassAssignmentCategoryByRef","suppress","System.Object[]","/education/classes/{}/assignments/{}/categories/{}/$ref","Remove-MgEducationClassAssignmentCategoryEducationCategoryByRef"
"DELETE","/education/classes/{}/members/{}/$ref","Education","Remove-MgEducationClassMemberByRef","rename","System.Object[]","/education/classes/{}/members/$ref",""
"DELETE","/education/classes/{}/members/$ref","Education","Remove-MgEducationClassMemberByRef","suppress","System.Object[]","/education/classes/{}/members/{}/$ref","Remove-MgEducationClassMemberEducationUserByRef"
"DELETE","/education/classes/{}/teachers/{}/$ref","Education","Remove-MgEducationClassTeacherByRef","rename","System.Object[]","/education/classes/{}/teachers/$ref",""
"DELETE","/education/classes/{}/teachers/$ref","Education","Remove-MgEducationClassTeacherByRef","suppress","System.Object[]","/education/classes/{}/teachers/{}/$ref","Remove-MgEducationClassTeacherEducationUserByRef"
"DELETE","/education/me/assignments/{}/categories/{}/$ref","Education","Remove-MgEducationMeAssignmentCategoryByRef","rename","System.Object[]","/education/me/assignments/{}/categories/$ref",""
"DELETE","/education/me/assignments/{}/categories/$ref","Education","Remove-MgEducationMeAssignmentCategoryByRef","suppress","System.Object[]","/education/me/assignments/{}/categories/{}/$ref","Remove-MgEducationMeAssignmentCategoryEducationCategoryByRef"
"DELETE","/education/schools/{}/classes/{}/$ref","Education","Remove-MgEducationSchoolClassByRef","rename","System.Object[]","/education/schools/{}/classes/$ref",""
"DELETE","/education/schools/{}/classes/$ref","Education","Remove-MgEducationSchoolClassByRef","suppress","System.Object[]","/education/schools/{}/classes/{}/$ref","Remove-MgEducationSchoolClassEducationClassByRef"
"DELETE","/education/schools/{}/users/{}/$ref","Education","Remove-MgEducationSchoolUserByRef","rename","System.Object[]","/education/schools/{}/users/$ref",""
"DELETE","/education/schools/{}/users/$ref","Education","Remove-MgEducationSchoolUserByRef","suppress","System.Object[]","/education/schools/{}/users/{}/$ref","Remove-MgEducationSchoolUserEducationUserByRef"
"DELETE","/education/users/{}/assignments/{}/categories/{}/$ref","Education","Remove-MgEducationUserAssignmentCategoryByRef","rename","System.Object[]","/education/users/{}/assignments/{}/categories/$ref",""
"DELETE","/education/users/{}/assignments/{}/categories/$ref","Education","Remove-MgEducationUserAssignmentCategoryByRef","suppress","System.Object[]","/education/users/{}/assignments/{}/categories/{}/$ref","Remove-MgEducationUserAssignmentCategoryEducationCategoryByRef"
"DELETE","/groups/{}/acceptedsenders/{}/$ref","Groups","Remove-MgGroupAcceptedSenderByRef","rename","System.Object[]","/groups/{}/acceptedsenders/$ref",""
"DELETE","/groups/{}/acceptedsenders/$ref","Groups","Remove-MgGroupAcceptedSenderByRef","suppress","System.Object[]","/groups/{}/acceptedsenders/{}/$ref","Remove-MgGroupAcceptedSenderDirectoryObjectByRef"
"DELETE","/groups/{}/members/{}/$ref","Groups","Remove-MgGroupMemberByRef","rename","System.Object[]","/groups/{}/members/$ref",""
"DELETE","/groups/{}/members/$ref","Groups","Remove-MgGroupMemberByRef","suppress","System.Object[]","/groups/{}/members/{}/$ref","Remove-MgGroupMemberDirectoryObjectByRef"
"DELETE","/groups/{}/owners/{}/$ref","Groups","Remove-MgGroupOwnerByRef","rename","System.Object[]","/groups/{}/owners/$ref",""
"DELETE","/groups/{}/owners/$ref","Groups","Remove-MgGroupOwnerByRef","suppress","System.Object[]","/groups/{}/owners/{}/$ref","Remove-MgGroupOwnerDirectoryObjectByRef"
"DELETE","/groups/{}/photo/$value","Groups","Remove-MgGroupPhotoContent","keep","System.Object[]","/groups/{}/photos/{}/$value",""
"DELETE","/groups/{}/photos/{}/$value","Groups","Remove-MgGroupPhotoContent","suppress","System.Object[]","/groups/{}/photo/$value","Remove-MgGroupPhotoContent"
"DELETE","/groups/{}/rejectedsenders/{}/$ref","Groups","Remove-MgGroupRejectedSenderByRef","rename","System.Object[]","/groups/{}/rejectedsenders/$ref",""
"DELETE","/groups/{}/rejectedsenders/$ref","Groups","Remove-MgGroupRejectedSenderByRef","suppress","System.Object[]","/groups/{}/rejectedsenders/{}/$ref","Remove-MgGroupRejectedSenderDirectoryObjectByRef"
"DELETE","/groups/{}/settings/{}","Groups","Remove-MgGroupSetting","keep","System.Object[]","/groupsettings/{}",""
"DELETE","/groups/{}/sites/{}/termstore/groups/{}/sets/{}/children/{}","Sites","Remove-MgGroupSiteTermStoreGroupSetChild","keep","System.Object[]","/groups/{}/sites/{}/termstore/groups/{}/sets/{}/children/{}/children/{}",""
"DELETE","/groups/{}/sites/{}/termstore/groups/{}/sets/{}/children/{}/children/{}","Sites","Remove-MgGroupSiteTermStoreGroupSetChild","suppress","System.Object[]","/groups/{}/sites/{}/termstore/groups/{}/sets/{}/children/{}","Remove-MgGroupSiteTermStoreGroupSetChild"
"DELETE","/groups/{}/sites/{}/termstore/groups/{}/sets/{}/children/{}/children/{}/relations/{}","Sites","Remove-MgGroupSiteTermStoreGroupSetChildRelation","keep","System.Object[]","/groups/{}/sites/{}/termstore/groups/{}/sets/{}/children/{}/relations/{}",""
"DELETE","/groups/{}/sites/{}/termstore/groups/{}/sets/{}/children/{}/relations/{}","Sites","Remove-MgGroupSiteTermStoreGroupSetChildRelation","suppress","System.Object[]","/groups/{}/sites/{}/termstore/groups/{}/sets/{}/children/{}/children/{}/relations/{}","Remove-MgGroupSiteTermStoreGroupSetChildRelation"
"DELETE","/groups/{}/sites/{}/termstore/sets/{}/children/{}","Sites","Remove-MgGroupSiteTermStoreSetChild","keep","System.Object[]","/groups/{}/sites/{}/termstore/sets/{}/children/{}/children/{}",""
"DELETE","/groups/{}/sites/{}/termstore/sets/{}/children/{}/children/{}","Sites","Remove-MgGroupSiteTermStoreSetChild","suppress","System.Object[]","/groups/{}/sites/{}/termstore/sets/{}/children/{}","Remove-MgGroupSiteTermStoreSetChild"
"DELETE","/groups/{}/sites/{}/termstore/sets/{}/children/{}/children/{}/relations/{}","Sites","Remove-MgGroupSiteTermStoreSetChildRelation","keep","System.Object[]","/groups/{}/sites/{}/termstore/sets/{}/children/{}/relations/{}",""
"DELETE","/groups/{}/sites/{}/termstore/sets/{}/children/{}/relations/{}","Sites","Remove-MgGroupSiteTermStoreSetChildRelation","suppress","System.Object[]","/groups/{}/sites/{}/termstore/sets/{}/children/{}/children/{}/relations/{}","Remove-MgGroupSiteTermStoreSetChildRelation"
"DELETE","/groups/{}/sites/{}/termstore/sets/{}/parentgroup/sets/{}/children/{}","Sites","Remove-MgGroupSiteTermStoreSetParentGroupSetChild","keep","System.Object[]","/groups/{}/sites/{}/termstore/sets/{}/parentgroup/sets/{}/children/{}/children/{}",""
"DELETE","/groups/{}/sites/{}/termstore/sets/{}/parentgroup/sets/{}/children/{}/children/{}","Sites","Remove-MgGroupSiteTermStoreSetParentGroupSetChild","suppress","System.Object[]","/groups/{}/sites/{}/termstore/sets/{}/parentgroup/sets/{}/children/{}","Remove-MgGroupSiteTermStoreSetParentGroupSetChild"
"DELETE","/groups/{}/sites/{}/termstore/sets/{}/parentgroup/sets/{}/children/{}/children/{}/relations/{}","Sites","Remove-MgGroupSiteTermStoreSetParentGroupSetChildRelation","keep","System.Object[]","/groups/{}/sites/{}/termstore/sets/{}/parentgroup/sets/{}/children/{}/relations/{}",""
"DELETE","/groups/{}/sites/{}/termstore/sets/{}/parentgroup/sets/{}/children/{}/relations/{}","Sites","Remove-MgGroupSiteTermStoreSetParentGroupSetChildRelation","suppress","System.Object[]","/groups/{}/sites/{}/termstore/sets/{}/parentgroup/sets/{}/children/{}/children/{}/relations/{}","Remove-MgGroupSiteTermStoreSetParentGroupSetChildRelation"
"DELETE","/groupsettings/{}","Groups","Remove-MgGroupSetting","suppress","System.Object[]","/groups/{}/settings/{}","Remove-MgGroupSetting"
"DELETE","/identity/authenticationeventsflows/{}/graph.externalusersselfservicesignupeventsflow/onattributecollection/graph.onattributecollectionexternalusersselfservicesignup/attributes/{}/$ref","Identity.SignIns","Remove-MgIdentityAuthenticationEventFlowAsExternalUserSelfServiceSignUpEventFlowOnAttributeCollectionAsOnAttributeCollectionExternalUserSelfServiceSignUpAttributeByRef","suppress","System.Object[]","/identity/authenticationeventsflows/{}/graph.externalusersselfservicesignupeventsflow/onattributecollection/graph.onattributecollectionexternalusersselfservicesignup/attributes/$ref",""
"DELETE","/identity/authenticationeventsflows/{}/graph.externalusersselfservicesignupeventsflow/onattributecollection/graph.onattributecollectionexternalusersselfservicesignup/attributes/$ref","Identity.SignIns","Remove-MgIdentityAuthenticationEventFlowAsExternalUserSelfServiceSignUpEventFlowOnAttributeCollectionAsOnAttributeCollectionExternalUserSelfServiceSignUpAttributeByRef","suppress","System.Object[]","/identity/authenticationeventsflows/{}/graph.externalusersselfservicesignupeventsflow/onattributecollection/graph.onattributecollectionexternalusersselfservicesignup/attributes/{}/$ref",""
"DELETE","/identity/authenticationeventsflows/{}/graph.externalusersselfservicesignupeventsflow/onauthenticationmethodloadstart/graph.onauthenticationmethodloadstartexternalusersselfservicesignup/identityproviders/{}/$ref","Identity.SignIns","Remove-MgIdentityAuthenticationEventFlowAsExternalUserSelfServiceSignUpEventFlowOnAuthenticationMethodLoadStartAsOnAuthenticationMethodLoadStartExternalUserSelfServiceSignUpIdentityProviderByRef","suppress","System.Object[]","/identity/authenticationeventsflows/{}/graph.externalusersselfservicesignupeventsflow/onauthenticationmethodloadstart/graph.onauthenticationmethodloadstartexternalusersselfservicesignup/identityproviders/$ref",""
"DELETE","/identity/authenticationeventsflows/{}/graph.externalusersselfservicesignupeventsflow/onauthenticationmethodloadstart/graph.onauthenticationmethodloadstartexternalusersselfservicesignup/identityproviders/$ref","Identity.SignIns","Remove-MgIdentityAuthenticationEventFlowAsExternalUserSelfServiceSignUpEventFlowOnAuthenticationMethodLoadStartAsOnAuthenticationMethodLoadStartExternalUserSelfServiceSignUpIdentityProviderByRef","suppress","System.Object[]","/identity/authenticationeventsflows/{}/graph.externalusersselfservicesignupeventsflow/onauthenticationmethodloadstart/graph.onauthenticationmethodloadstartexternalusersselfservicesignup/identityproviders/{}/$ref",""
"DELETE","/identity/b2xuserflows/{}/userflowidentityproviders/{}/$ref","Identity.SignIns","Remove-MgIdentityB2xUserFlowUserFlowIdentityProviderByRef","rename","System.Object[]","/identity/b2xuserflows/{}/userflowidentityproviders/$ref",""
"DELETE","/identity/b2xuserflows/{}/userflowidentityproviders/$ref","Identity.SignIns","Remove-MgIdentityB2xUserFlowUserFlowIdentityProviderByRef","suppress","System.Object[]","/identity/b2xuserflows/{}/userflowidentityproviders/{}/$ref","Remove-MgIdentityB2XUserFlowIdentityProviderBaseByRef"
"DELETE","/identitygovernance/catalogs/{}/resourceroles/{}","Identity.Governance","Remove-MgIdentityGovernanceCatalogResourceRole","suppress","System.Object[]","/identitygovernance/catalogs/{}/resources/{}/roles/{}",""
"DELETE","/identitygovernance/catalogs/{}/resourceroles/{}/resource","Identity.Governance","Remove-MgIdentityGovernanceCatalogResourceRoleResource","suppress","System.Object[]","/identitygovernance/catalogs/{}/resources/{}/roles/{}/resource",""
"DELETE","/identitygovernance/catalogs/{}/resourceroles/{}/resource/scopes/{}","Identity.Governance","Remove-MgIdentityGovernanceCatalogResourceRoleResourceScope","suppress","System.Object[]","/identitygovernance/catalogs/{}/resources/{}/roles/{}/resource/scopes/{}",""
"DELETE","/identitygovernance/catalogs/{}/resourceroles/{}/resource/scopes/{}/resource","Identity.Governance","Remove-MgIdentityGovernanceCatalogResourceRoleResourceScopeResource","suppress","System.Object[]","/identitygovernance/catalogs/{}/resources/{}/roles/{}/resource/scopes/{}/resource",""
"DELETE","/identitygovernance/catalogs/{}/resourceroles/{}/resource/scopes/{}/resource/uploadsessions/{}","Identity.Governance","Remove-MgIdentityGovernanceCatalogResourceRoleResourceScopeResourceUploadSession","suppress","System.Object[]","/identitygovernance/catalogs/{}/resources/{}/roles/{}/resource/scopes/{}/resource/uploadsessions/{}",""
"DELETE","/identitygovernance/catalogs/{}/resourceroles/{}/resource/scopes/{}/resource/uploadsessions/{}/files/{}/$value","Identity.Governance","Remove-MgIdentityGovernanceCatalogResourceRoleResourceScopeResourceUploadSessionFileContent","suppress","System.Object[]","/identitygovernance/catalogs/{}/resources/{}/roles/{}/resource/scopes/{}/resource/uploadsessions/{}/files/{}/$value",""
"DELETE","/identitygovernance/catalogs/{}/resourceroles/{}/resource/uploadsessions/{}","Identity.Governance","Remove-MgIdentityGovernanceCatalogResourceRoleResourceUploadSession","suppress","System.Object[]","/identitygovernance/catalogs/{}/resources/{}/roles/{}/resource/uploadsessions/{}",""
"DELETE","/identitygovernance/catalogs/{}/resourceroles/{}/resource/uploadsessions/{}/files/{}/$value","Identity.Governance","Remove-MgIdentityGovernanceCatalogResourceRoleResourceUploadSessionFileContent","suppress","System.Object[]","/identitygovernance/catalogs/{}/resources/{}/roles/{}/resource/uploadsessions/{}/files/{}/$value",""
"DELETE","/identitygovernance/catalogs/{}/resources/{}/roles/{}","Identity.Governance","Remove-MgIdentityGovernanceCatalogResourceRole","suppress","System.Object[]","/identitygovernance/catalogs/{}/resourceroles/{}",""
"DELETE","/identitygovernance/catalogs/{}/resources/{}/roles/{}/resource","Identity.Governance","Remove-MgIdentityGovernanceCatalogResourceRoleResource","suppress","System.Object[]","/identitygovernance/catalogs/{}/resourceroles/{}/resource",""
"DELETE","/identitygovernance/catalogs/{}/resources/{}/roles/{}/resource/scopes/{}","Identity.Governance","Remove-MgIdentityGovernanceCatalogResourceRoleResourceScope","suppress","System.Object[]","/identitygovernance/catalogs/{}/resourceroles/{}/resource/scopes/{}",""
"DELETE","/identitygovernance/catalogs/{}/resources/{}/roles/{}/resource/scopes/{}/resource","Identity.Governance","Remove-MgIdentityGovernanceCatalogResourceRoleResourceScopeResource","suppress","System.Object[]","/identitygovernance/catalogs/{}/resourceroles/{}/resource/scopes/{}/resource",""
"DELETE","/identitygovernance/catalogs/{}/resources/{}/roles/{}/resource/scopes/{}/resource/uploadsessions/{}","Identity.Governance","Remove-MgIdentityGovernanceCatalogResourceRoleResourceScopeResourceUploadSession","suppress","System.Object[]","/identitygovernance/catalogs/{}/resourceroles/{}/resource/scopes/{}/resource/uploadsessions/{}",""
"DELETE","/identitygovernance/catalogs/{}/resources/{}/roles/{}/resource/scopes/{}/resource/uploadsessions/{}/files/{}/$value","Identity.Governance","Remove-MgIdentityGovernanceCatalogResourceRoleResourceScopeResourceUploadSessionFileContent","suppress","System.Object[]","/identitygovernance/catalogs/{}/resourceroles/{}/resource/scopes/{}/resource/uploadsessions/{}/files/{}/$value",""
"DELETE","/identitygovernance/catalogs/{}/resources/{}/roles/{}/resource/uploadsessions/{}","Identity.Governance","Remove-MgIdentityGovernanceCatalogResourceRoleResourceUploadSession","suppress","System.Object[]","/identitygovernance/catalogs/{}/resourceroles/{}/resource/uploadsessions/{}",""
"DELETE","/identitygovernance/catalogs/{}/resources/{}/roles/{}/resource/uploadsessions/{}/files/{}/$value","Identity.Governance","Remove-MgIdentityGovernanceCatalogResourceRoleResourceUploadSessionFileContent","suppress","System.Object[]","/identitygovernance/catalogs/{}/resourceroles/{}/resource/uploadsessions/{}/files/{}/$value",""
"DELETE","/identitygovernance/catalogs/{}/resources/{}/scopes/{}","Identity.Governance","Remove-MgIdentityGovernanceCatalogResourceScope","suppress","System.Object[]","/identitygovernance/catalogs/{}/resourcescopes/{}",""
"DELETE","/identitygovernance/catalogs/{}/resources/{}/scopes/{}/resource","Identity.Governance","Remove-MgIdentityGovernanceCatalogResourceScopeResource","suppress","System.Object[]","/identitygovernance/catalogs/{}/resourcescopes/{}/resource",""
"DELETE","/identitygovernance/catalogs/{}/resources/{}/scopes/{}/resource/roles/{}","Identity.Governance","Remove-MgIdentityGovernanceCatalogResourceScopeResourceRole","suppress","System.Object[]","/identitygovernance/catalogs/{}/resourcescopes/{}/resource/roles/{}",""
"DELETE","/identitygovernance/catalogs/{}/resources/{}/scopes/{}/resource/roles/{}/resource","Identity.Governance","Remove-MgIdentityGovernanceCatalogResourceScopeResourceRoleResource","suppress","System.Object[]","/identitygovernance/catalogs/{}/resourcescopes/{}/resource/roles/{}/resource",""
"DELETE","/identitygovernance/catalogs/{}/resources/{}/scopes/{}/resource/roles/{}/resource/uploadsessions/{}","Identity.Governance","Remove-MgIdentityGovernanceCatalogResourceScopeResourceRoleResourceUploadSession","suppress","System.Object[]","/identitygovernance/catalogs/{}/resourcescopes/{}/resource/roles/{}/resource/uploadsessions/{}",""
"DELETE","/identitygovernance/catalogs/{}/resources/{}/scopes/{}/resource/roles/{}/resource/uploadsessions/{}/files/{}/$value","Identity.Governance","Remove-MgIdentityGovernanceCatalogResourceScopeResourceRoleResourceUploadSessionFileContent","suppress","System.Object[]","/identitygovernance/catalogs/{}/resourcescopes/{}/resource/roles/{}/resource/uploadsessions/{}/files/{}/$value",""
"DELETE","/identitygovernance/catalogs/{}/resources/{}/scopes/{}/resource/uploadsessions/{}","Identity.Governance","Remove-MgIdentityGovernanceCatalogResourceScopeResourceUploadSession","suppress","System.Object[]","/identitygovernance/catalogs/{}/resourcescopes/{}/resource/uploadsessions/{}",""
"DELETE","/identitygovernance/catalogs/{}/resources/{}/scopes/{}/resource/uploadsessions/{}/files/{}/$value","Identity.Governance","Remove-MgIdentityGovernanceCatalogResourceScopeResourceUploadSessionFileContent","suppress","System.Object[]","/identitygovernance/catalogs/{}/resourcescopes/{}/resource/uploadsessions/{}/files/{}/$value",""
"DELETE","/identitygovernance/catalogs/{}/resourcescopes/{}","Identity.Governance","Remove-MgIdentityGovernanceCatalogResourceScope","suppress","System.Object[]","/identitygovernance/catalogs/{}/resources/{}/scopes/{}",""
"DELETE","/identitygovernance/catalogs/{}/resourcescopes/{}/resource","Identity.Governance","Remove-MgIdentityGovernanceCatalogResourceScopeResource","suppress","System.Object[]","/identitygovernance/catalogs/{}/resources/{}/scopes/{}/resource",""
"DELETE","/identitygovernance/catalogs/{}/resourcescopes/{}/resource/roles/{}","Identity.Governance","Remove-MgIdentityGovernanceCatalogResourceScopeResourceRole","suppress","System.Object[]","/identitygovernance/catalogs/{}/resources/{}/scopes/{}/resource/roles/{}",""
"DELETE","/identitygovernance/catalogs/{}/resourcescopes/{}/resource/roles/{}/resource","Identity.Governance","Remove-MgIdentityGovernanceCatalogResourceScopeResourceRoleResource","suppress","System.Object[]","/identitygovernance/catalogs/{}/resources/{}/scopes/{}/resource/roles/{}/resource",""
"DELETE","/identitygovernance/catalogs/{}/resourcescopes/{}/resource/roles/{}/resource/uploadsessions/{}","Identity.Governance","Remove-MgIdentityGovernanceCatalogResourceScopeResourceRoleResourceUploadSession","suppress","System.Object[]","/identitygovernance/catalogs/{}/resources/{}/scopes/{}/resource/roles/{}/resource/uploadsessions/{}",""
"DELETE","/identitygovernance/catalogs/{}/resourcescopes/{}/resource/roles/{}/resource/uploadsessions/{}/files/{}/$value","Identity.Governance","Remove-MgIdentityGovernanceCatalogResourceScopeResourceRoleResourceUploadSessionFileContent","suppress","System.Object[]","/identitygovernance/catalogs/{}/resources/{}/scopes/{}/resource/roles/{}/resource/uploadsessions/{}/files/{}/$value",""
"DELETE","/identitygovernance/catalogs/{}/resourcescopes/{}/resource/uploadsessions/{}","Identity.Governance","Remove-MgIdentityGovernanceCatalogResourceScopeResourceUploadSession","suppress","System.Object[]","/identitygovernance/catalogs/{}/resources/{}/scopes/{}/resource/uploadsessions/{}",""
"DELETE","/identitygovernance/catalogs/{}/resourcescopes/{}/resource/uploadsessions/{}/files/{}/$value","Identity.Governance","Remove-MgIdentityGovernanceCatalogResourceScopeResourceUploadSessionFileContent","suppress","System.Object[]","/identitygovernance/catalogs/{}/resources/{}/scopes/{}/resource/uploadsessions/{}/files/{}/$value",""
"DELETE","/identitygovernance/entitlementmanagement/accesspackages/{}/incompatibleaccesspackages/{}/$ref","Identity.Governance","Remove-MgIdentityGovernanceEntitlementManagementAccessPackageIncompatibleAccessPackageByRef","suppress","System.Object[]","/identitygovernance/entitlementmanagement/accesspackages/{}/incompatibleaccesspackages/$ref","Remove-MgEntitlementManagementAccessPackageIncompatibleAccessPackageByRef"
"DELETE","/identitygovernance/entitlementmanagement/accesspackages/{}/incompatibleaccesspackages/$ref","Identity.Governance","Remove-MgIdentityGovernanceEntitlementManagementAccessPackageIncompatibleAccessPackageByRef","rename","System.Object[]","/identitygovernance/entitlementmanagement/accesspackages/{}/incompatibleaccesspackages/{}/$ref",""
"DELETE","/identitygovernance/entitlementmanagement/accesspackages/{}/incompatiblegroups/{}/$ref","Identity.Governance","Remove-MgIdentityGovernanceEntitlementManagementAccessPackageIncompatibleGroupByRef","suppress","System.Object[]","/identitygovernance/entitlementmanagement/accesspackages/{}/incompatiblegroups/$ref","Remove-MgEntitlementManagementAccessPackageIncompatibleGroupByRef"
"DELETE","/identitygovernance/entitlementmanagement/accesspackages/{}/incompatiblegroups/$ref","Identity.Governance","Remove-MgIdentityGovernanceEntitlementManagementAccessPackageIncompatibleGroupByRef","rename","System.Object[]","/identitygovernance/entitlementmanagement/accesspackages/{}/incompatiblegroups/{}/$ref",""
"DELETE","/identitygovernance/entitlementmanagement/catalogs/{}/resourceroles/{}","Identity.Governance","Remove-MgIdentityGovernanceEntitlementManagementCatalogResourceRole","rename","System.Object[]","/identitygovernance/entitlementmanagement/catalogs/{}/resources/{}/roles/{}",""
"DELETE","/identitygovernance/entitlementmanagement/catalogs/{}/resourceroles/{}/resource","Identity.Governance","Remove-MgIdentityGovernanceEntitlementManagementCatalogResourceRoleResource","rename","System.Object[]","/identitygovernance/entitlementmanagement/catalogs/{}/resources/{}/roles/{}/resource",""
"DELETE","/identitygovernance/entitlementmanagement/catalogs/{}/resourceroles/{}/resource/scopes/{}","Identity.Governance","Remove-MgIdentityGovernanceEntitlementManagementCatalogResourceRoleResourceScope","rename","System.Object[]","/identitygovernance/entitlementmanagement/catalogs/{}/resources/{}/roles/{}/resource/scopes/{}",""
"DELETE","/identitygovernance/entitlementmanagement/catalogs/{}/resourceroles/{}/resource/scopes/{}/resource","Identity.Governance","Remove-MgIdentityGovernanceEntitlementManagementCatalogResourceRoleResourceScopeResource","rename","System.Object[]","/identitygovernance/entitlementmanagement/catalogs/{}/resources/{}/roles/{}/resource/scopes/{}/resource",""
"DELETE","/identitygovernance/entitlementmanagement/catalogs/{}/resourceroles/{}/resource/scopes/{}/resource/uploadsessions/{}","Identity.Governance","Remove-MgIdentityGovernanceEntitlementManagementCatalogResourceRoleResourceScopeResourceUploadSession","suppress","System.Object[]","/identitygovernance/entitlementmanagement/catalogs/{}/resources/{}/roles/{}/resource/scopes/{}/resource/uploadsessions/{}",""
"DELETE","/identitygovernance/entitlementmanagement/catalogs/{}/resourceroles/{}/resource/scopes/{}/resource/uploadsessions/{}/files/{}/$value","Identity.Governance","Remove-MgIdentityGovernanceEntitlementManagementCatalogResourceRoleResourceScopeResourceUploadSessionFileContent","suppress","System.Object[]","/identitygovernance/entitlementmanagement/catalogs/{}/resources/{}/roles/{}/resource/scopes/{}/resource/uploadsessions/{}/files/{}/$value",""
"DELETE","/identitygovernance/entitlementmanagement/catalogs/{}/resourceroles/{}/resource/uploadsessions/{}","Identity.Governance","Remove-MgIdentityGovernanceEntitlementManagementCatalogResourceRoleResourceUploadSession","suppress","System.Object[]","/identitygovernance/entitlementmanagement/catalogs/{}/resources/{}/roles/{}/resource/uploadsessions/{}",""
"DELETE","/identitygovernance/entitlementmanagement/catalogs/{}/resourceroles/{}/resource/uploadsessions/{}/files/{}/$value","Identity.Governance","Remove-MgIdentityGovernanceEntitlementManagementCatalogResourceRoleResourceUploadSessionFileContent","suppress","System.Object[]","/identitygovernance/entitlementmanagement/catalogs/{}/resources/{}/roles/{}/resource/uploadsessions/{}/files/{}/$value",""
"DELETE","/identitygovernance/entitlementmanagement/catalogs/{}/resources/{}/roles/{}","Identity.Governance","Remove-MgIdentityGovernanceEntitlementManagementCatalogResourceRole","suppress","System.Object[]","/identitygovernance/entitlementmanagement/catalogs/{}/resourceroles/{}","Remove-MgEntitlementManagementCatalogResourceRole"
"DELETE","/identitygovernance/entitlementmanagement/catalogs/{}/resources/{}/roles/{}/resource","Identity.Governance","Remove-MgIdentityGovernanceEntitlementManagementCatalogResourceRoleResource","suppress","System.Object[]","/identitygovernance/entitlementmanagement/catalogs/{}/resourceroles/{}/resource","Remove-MgEntitlementManagementCatalogResourceRoleResource"
"DELETE","/identitygovernance/entitlementmanagement/catalogs/{}/resources/{}/roles/{}/resource/scopes/{}","Identity.Governance","Remove-MgIdentityGovernanceEntitlementManagementCatalogResourceRoleResourceScope","suppress","System.Object[]","/identitygovernance/entitlementmanagement/catalogs/{}/resourceroles/{}/resource/scopes/{}","Remove-MgEntitlementManagementCatalogResourceRoleResourceScope"
"DELETE","/identitygovernance/entitlementmanagement/catalogs/{}/resources/{}/roles/{}/resource/scopes/{}/resource","Identity.Governance","Remove-MgIdentityGovernanceEntitlementManagementCatalogResourceRoleResourceScopeResource","suppress","System.Object[]","/identitygovernance/entitlementmanagement/catalogs/{}/resourceroles/{}/resource/scopes/{}/resource","Remove-MgEntitlementManagementCatalogResourceRoleResourceScopeResource"
"DELETE","/identitygovernance/entitlementmanagement/catalogs/{}/resources/{}/roles/{}/resource/scopes/{}/resource/uploadsessions/{}","Identity.Governance","Remove-MgIdentityGovernanceEntitlementManagementCatalogResourceRoleResourceScopeResourceUploadSession","suppress","System.Object[]","/identitygovernance/entitlementmanagement/catalogs/{}/resourceroles/{}/resource/scopes/{}/resource/uploadsessions/{}",""
"DELETE","/identitygovernance/entitlementmanagement/catalogs/{}/resources/{}/roles/{}/resource/scopes/{}/resource/uploadsessions/{}/files/{}/$value","Identity.Governance","Remove-MgIdentityGovernanceEntitlementManagementCatalogResourceRoleResourceScopeResourceUploadSessionFileContent","suppress","System.Object[]","/identitygovernance/entitlementmanagement/catalogs/{}/resourceroles/{}/resource/scopes/{}/resource/uploadsessions/{}/files/{}/$value",""
"DELETE","/identitygovernance/entitlementmanagement/catalogs/{}/resources/{}/roles/{}/resource/uploadsessions/{}","Identity.Governance","Remove-MgIdentityGovernanceEntitlementManagementCatalogResourceRoleResourceUploadSession","suppress","System.Object[]","/identitygovernance/entitlementmanagement/catalogs/{}/resourceroles/{}/resource/uploadsessions/{}",""
"DELETE","/identitygovernance/entitlementmanagement/catalogs/{}/resources/{}/roles/{}/resource/uploadsessions/{}/files/{}/$value","Identity.Governance","Remove-MgIdentityGovernanceEntitlementManagementCatalogResourceRoleResourceUploadSessionFileContent","suppress","System.Object[]","/identitygovernance/entitlementmanagement/catalogs/{}/resourceroles/{}/resource/uploadsessions/{}/files/{}/$value",""
"DELETE","/identitygovernance/entitlementmanagement/catalogs/{}/resources/{}/scopes/{}","Identity.Governance","Remove-MgIdentityGovernanceEntitlementManagementCatalogResourceScope","suppress","System.Object[]","/identitygovernance/entitlementmanagement/catalogs/{}/resourcescopes/{}","Remove-MgEntitlementManagementCatalogResourceScope"
"DELETE","/identitygovernance/entitlementmanagement/catalogs/{}/resources/{}/scopes/{}/resource","Identity.Governance","Remove-MgIdentityGovernanceEntitlementManagementCatalogResourceScopeResource","rename","System.Object[]","/identitygovernance/entitlementmanagement/catalogs/{}/resourcescopes/{}/resource",""
"DELETE","/identitygovernance/entitlementmanagement/catalogs/{}/resources/{}/scopes/{}/resource/roles/{}","Identity.Governance","Remove-MgIdentityGovernanceEntitlementManagementCatalogResourceScopeResourceRole","rename","System.Object[]","/identitygovernance/entitlementmanagement/catalogs/{}/resourcescopes/{}/resource/roles/{}",""
"DELETE","/identitygovernance/entitlementmanagement/catalogs/{}/resources/{}/scopes/{}/resource/roles/{}/resource","Identity.Governance","Remove-MgIdentityGovernanceEntitlementManagementCatalogResourceScopeResourceRoleResource","rename","System.Object[]","/identitygovernance/entitlementmanagement/catalogs/{}/resourcescopes/{}/resource/roles/{}/resource",""
"DELETE","/identitygovernance/entitlementmanagement/catalogs/{}/resources/{}/scopes/{}/resource/roles/{}/resource/uploadsessions/{}","Identity.Governance","Remove-MgIdentityGovernanceEntitlementManagementCatalogResourceScopeResourceRoleResourceUploadSession","suppress","System.Object[]","/identitygovernance/entitlementmanagement/catalogs/{}/resourcescopes/{}/resource/roles/{}/resource/uploadsessions/{}",""
"DELETE","/identitygovernance/entitlementmanagement/catalogs/{}/resources/{}/scopes/{}/resource/roles/{}/resource/uploadsessions/{}/files/{}/$value","Identity.Governance","Remove-MgIdentityGovernanceEntitlementManagementCatalogResourceScopeResourceRoleResourceUploadSessionFileContent","suppress","System.Object[]","/identitygovernance/entitlementmanagement/catalogs/{}/resourcescopes/{}/resource/roles/{}/resource/uploadsessions/{}/files/{}/$value",""
"DELETE","/identitygovernance/entitlementmanagement/catalogs/{}/resources/{}/scopes/{}/resource/uploadsessions/{}","Identity.Governance","Remove-MgIdentityGovernanceEntitlementManagementCatalogResourceScopeResourceUploadSession","suppress","System.Object[]","/identitygovernance/entitlementmanagement/catalogs/{}/resourcescopes/{}/resource/uploadsessions/{}",""
"DELETE","/identitygovernance/entitlementmanagement/catalogs/{}/resources/{}/scopes/{}/resource/uploadsessions/{}/files/{}/$value","Identity.Governance","Remove-MgIdentityGovernanceEntitlementManagementCatalogResourceScopeResourceUploadSessionFileContent","suppress","System.Object[]","/identitygovernance/entitlementmanagement/catalogs/{}/resourcescopes/{}/resource/uploadsessions/{}/files/{}/$value",""
"DELETE","/identitygovernance/entitlementmanagement/catalogs/{}/resourcescopes/{}","Identity.Governance","Remove-MgIdentityGovernanceEntitlementManagementCatalogResourceScope","rename","System.Object[]","/identitygovernance/entitlementmanagement/catalogs/{}/resources/{}/scopes/{}",""
"DELETE","/identitygovernance/entitlementmanagement/catalogs/{}/resourcescopes/{}/resource","Identity.Governance","Remove-MgIdentityGovernanceEntitlementManagementCatalogResourceScopeResource","suppress","System.Object[]","/identitygovernance/entitlementmanagement/catalogs/{}/resources/{}/scopes/{}/resource","Remove-MgEntitlementManagementCatalogResourceScopeResource"
"DELETE","/identitygovernance/entitlementmanagement/catalogs/{}/resourcescopes/{}/resource/roles/{}","Identity.Governance","Remove-MgIdentityGovernanceEntitlementManagementCatalogResourceScopeResourceRole","suppress","System.Object[]","/identitygovernance/entitlementmanagement/catalogs/{}/resources/{}/scopes/{}/resource/roles/{}","Remove-MgEntitlementManagementCatalogResourceScopeResourceRole"
"DELETE","/identitygovernance/entitlementmanagement/catalogs/{}/resourcescopes/{}/resource/roles/{}/resource","Identity.Governance","Remove-MgIdentityGovernanceEntitlementManagementCatalogResourceScopeResourceRoleResource","suppress","System.Object[]","/identitygovernance/entitlementmanagement/catalogs/{}/resources/{}/scopes/{}/resource/roles/{}/resource","Remove-MgEntitlementManagementCatalogResourceScopeResourceRoleResource"
"DELETE","/identitygovernance/entitlementmanagement/catalogs/{}/resourcescopes/{}/resource/roles/{}/resource/uploadsessions/{}","Identity.Governance","Remove-MgIdentityGovernanceEntitlementManagementCatalogResourceScopeResourceRoleResourceUploadSession","suppress","System.Object[]","/identitygovernance/entitlementmanagement/catalogs/{}/resources/{}/scopes/{}/resource/roles/{}/resource/uploadsessions/{}",""
"DELETE","/identitygovernance/entitlementmanagement/catalogs/{}/resourcescopes/{}/resource/roles/{}/resource/uploadsessions/{}/files/{}/$value","Identity.Governance","Remove-MgIdentityGovernanceEntitlementManagementCatalogResourceScopeResourceRoleResourceUploadSessionFileContent","suppress","System.Object[]","/identitygovernance/entitlementmanagement/catalogs/{}/resources/{}/scopes/{}/resource/roles/{}/resource/uploadsessions/{}/files/{}/$value",""
"DELETE","/identitygovernance/entitlementmanagement/catalogs/{}/resourcescopes/{}/resource/uploadsessions/{}","Identity.Governance","Remove-MgIdentityGovernanceEntitlementManagementCatalogResourceScopeResourceUploadSession","suppress","System.Object[]","/identitygovernance/entitlementmanagement/catalogs/{}/resources/{}/scopes/{}/resource/uploadsessions/{}",""
"DELETE","/identitygovernance/entitlementmanagement/catalogs/{}/resourcescopes/{}/resource/uploadsessions/{}/files/{}/$value","Identity.Governance","Remove-MgIdentityGovernanceEntitlementManagementCatalogResourceScopeResourceUploadSessionFileContent","suppress","System.Object[]","/identitygovernance/entitlementmanagement/catalogs/{}/resources/{}/scopes/{}/resource/uploadsessions/{}/files/{}/$value",""
"DELETE","/identitygovernance/entitlementmanagement/connectedorganizations/{}/externalsponsors/{}/$ref","Identity.Governance","Remove-MgIdentityGovernanceEntitlementManagementConnectedOrganizationExternalSponsorByRef","rename","System.Object[]","/identitygovernance/entitlementmanagement/connectedorganizations/{}/externalsponsors/$ref",""
"DELETE","/identitygovernance/entitlementmanagement/connectedorganizations/{}/externalsponsors/$ref","Identity.Governance","Remove-MgIdentityGovernanceEntitlementManagementConnectedOrganizationExternalSponsorByRef","suppress","System.Object[]","/identitygovernance/entitlementmanagement/connectedorganizations/{}/externalsponsors/{}/$ref","Remove-MgEntitlementManagementConnectedOrganizationExternalSponsorDirectoryObjectByRef"
"DELETE","/identitygovernance/entitlementmanagement/connectedorganizations/{}/internalsponsors/{}/$ref","Identity.Governance","Remove-MgIdentityGovernanceEntitlementManagementConnectedOrganizationInternalSponsorByRef","rename","System.Object[]","/identitygovernance/entitlementmanagement/connectedorganizations/{}/internalsponsors/$ref",""
"DELETE","/identitygovernance/entitlementmanagement/connectedorganizations/{}/internalsponsors/$ref","Identity.Governance","Remove-MgIdentityGovernanceEntitlementManagementConnectedOrganizationInternalSponsorByRef","suppress","System.Object[]","/identitygovernance/entitlementmanagement/connectedorganizations/{}/internalsponsors/{}/$ref","Remove-MgEntitlementManagementConnectedOrganizationInternalSponsorDirectoryObjectByRef"
"DELETE","/identitygovernance/entitlementmanagement/resourcerequests/{}/catalog/resourceroles/{}","Identity.Governance","Remove-MgIdentityGovernanceEntitlementManagementResourceRequestCatalogResourceRole","rename","System.Object[]","/identitygovernance/entitlementmanagement/resourcerequests/{}/catalog/resources/{}/roles/{}",""
"DELETE","/identitygovernance/entitlementmanagement/resourcerequests/{}/catalog/resourceroles/{}/resource","Identity.Governance","Remove-MgIdentityGovernanceEntitlementManagementResourceRequestCatalogResourceRoleResource","rename","System.Object[]","/identitygovernance/entitlementmanagement/resourcerequests/{}/catalog/resources/{}/roles/{}/resource",""
"DELETE","/identitygovernance/entitlementmanagement/resourcerequests/{}/catalog/resourceroles/{}/resource/scopes/{}","Identity.Governance","Remove-MgIdentityGovernanceEntitlementManagementResourceRequestCatalogResourceRoleResourceScope","rename","System.Object[]","/identitygovernance/entitlementmanagement/resourcerequests/{}/catalog/resources/{}/roles/{}/resource/scopes/{}",""
"DELETE","/identitygovernance/entitlementmanagement/resourcerequests/{}/catalog/resourceroles/{}/resource/scopes/{}/resource","Identity.Governance","Remove-MgIdentityGovernanceEntitlementManagementResourceRequestCatalogResourceRoleResourceScopeResource","rename","System.Object[]","/identitygovernance/entitlementmanagement/resourcerequests/{}/catalog/resources/{}/roles/{}/resource/scopes/{}/resource",""
"DELETE","/identitygovernance/entitlementmanagement/resourcerequests/{}/catalog/resourceroles/{}/resource/scopes/{}/resource/uploadsessions/{}","Identity.Governance","Remove-MgIdentityGovernanceEntitlementManagementResourceRequestCatalogResourceRoleResourceScopeResourceUploadSession","suppress","System.Object[]","/identitygovernance/entitlementmanagement/resourcerequests/{}/catalog/resources/{}/roles/{}/resource/scopes/{}/resource/uploadsessions/{}",""
"DELETE","/identitygovernance/entitlementmanagement/resourcerequests/{}/catalog/resourceroles/{}/resource/scopes/{}/resource/uploadsessions/{}/files/{}/$value","Identity.Governance","Remove-MgIdentityGovernanceEntitlementManagementResourceRequestCatalogResourceRoleResourceScopeResourceUploadSessionFileContent","suppress","System.Object[]","/identitygovernance/entitlementmanagement/resourcerequests/{}/catalog/resources/{}/roles/{}/resource/scopes/{}/resource/uploadsessions/{}/files/{}/$value",""
"DELETE","/identitygovernance/entitlementmanagement/resourcerequests/{}/catalog/resourceroles/{}/resource/uploadsessions/{}","Identity.Governance","Remove-MgIdentityGovernanceEntitlementManagementResourceRequestCatalogResourceRoleResourceUploadSession","suppress","System.Object[]","/identitygovernance/entitlementmanagement/resourcerequests/{}/catalog/resources/{}/roles/{}/resource/uploadsessions/{}",""
"DELETE","/identitygovernance/entitlementmanagement/resourcerequests/{}/catalog/resourceroles/{}/resource/uploadsessions/{}/files/{}/$value","Identity.Governance","Remove-MgIdentityGovernanceEntitlementManagementResourceRequestCatalogResourceRoleResourceUploadSessionFileContent","suppress","System.Object[]","/identitygovernance/entitlementmanagement/resourcerequests/{}/catalog/resources/{}/roles/{}/resource/uploadsessions/{}/files/{}/$value",""
"DELETE","/identitygovernance/entitlementmanagement/resourcerequests/{}/catalog/resources/{}/roles/{}","Identity.Governance","Remove-MgIdentityGovernanceEntitlementManagementResourceRequestCatalogResourceRole","suppress","System.Object[]","/identitygovernance/entitlementmanagement/resourcerequests/{}/catalog/resourceroles/{}","Remove-MgEntitlementManagementResourceRequestCatalogResourceRole"
"DELETE","/identitygovernance/entitlementmanagement/resourcerequests/{}/catalog/resources/{}/roles/{}/resource","Identity.Governance","Remove-MgIdentityGovernanceEntitlementManagementResourceRequestCatalogResourceRoleResource","suppress","System.Object[]","/identitygovernance/entitlementmanagement/resourcerequests/{}/catalog/resourceroles/{}/resource","Remove-MgEntitlementManagementResourceRequestCatalogResourceRoleResource"
"DELETE","/identitygovernance/entitlementmanagement/resourcerequests/{}/catalog/resources/{}/roles/{}/resource/scopes/{}","Identity.Governance","Remove-MgIdentityGovernanceEntitlementManagementResourceRequestCatalogResourceRoleResourceScope","suppress","System.Object[]","/identitygovernance/entitlementmanagement/resourcerequests/{}/catalog/resourceroles/{}/resource/scopes/{}","Remove-MgEntitlementManagementResourceRequestCatalogResourceRoleResourceScope"
"DELETE","/identitygovernance/entitlementmanagement/resourcerequests/{}/catalog/resources/{}/roles/{}/resource/scopes/{}/resource","Identity.Governance","Remove-MgIdentityGovernanceEntitlementManagementResourceRequestCatalogResourceRoleResourceScopeResource","suppress","System.Object[]","/identitygovernance/entitlementmanagement/resourcerequests/{}/catalog/resourceroles/{}/resource/scopes/{}/resource","Remove-MgEntitlementManagementResourceRequestCatalogResourceRoleResourceScopeResource"
"DELETE","/identitygovernance/entitlementmanagement/resourcerequests/{}/catalog/resources/{}/roles/{}/resource/scopes/{}/resource/uploadsessions/{}","Identity.Governance","Remove-MgIdentityGovernanceEntitlementManagementResourceRequestCatalogResourceRoleResourceScopeResourceUploadSession","suppress","System.Object[]","/identitygovernance/entitlementmanagement/resourcerequests/{}/catalog/resourceroles/{}/resource/scopes/{}/resource/uploadsessions/{}",""
"DELETE","/identitygovernance/entitlementmanagement/resourcerequests/{}/catalog/resources/{}/roles/{}/resource/scopes/{}/resource/uploadsessions/{}/files/{}/$value","Identity.Governance","Remove-MgIdentityGovernanceEntitlementManagementResourceRequestCatalogResourceRoleResourceScopeResourceUploadSessionFileContent","suppress","System.Object[]","/identitygovernance/entitlementmanagement/resourcerequests/{}/catalog/resourceroles/{}/resource/scopes/{}/resource/uploadsessions/{}/files/{}/$value",""
"DELETE","/identitygovernance/entitlementmanagement/resourcerequests/{}/catalog/resources/{}/roles/{}/resource/uploadsessions/{}","Identity.Governance","Remove-MgIdentityGovernanceEntitlementManagementResourceRequestCatalogResourceRoleResourceUploadSession","suppress","System.Object[]","/identitygovernance/entitlementmanagement/resourcerequests/{}/catalog/resourceroles/{}/resource/uploadsessions/{}",""
"DELETE","/identitygovernance/entitlementmanagement/resourcerequests/{}/catalog/resources/{}/roles/{}/resource/uploadsessions/{}/files/{}/$value","Identity.Governance","Remove-MgIdentityGovernanceEntitlementManagementResourceRequestCatalogResourceRoleResourceUploadSessionFileContent","suppress","System.Object[]","/identitygovernance/entitlementmanagement/resourcerequests/{}/catalog/resourceroles/{}/resource/uploadsessions/{}/files/{}/$value",""
"DELETE","/identitygovernance/entitlementmanagement/resourcerequests/{}/catalog/resources/{}/scopes/{}","Identity.Governance","Remove-MgIdentityGovernanceEntitlementManagementResourceRequestCatalogResourceScope","suppress","System.Object[]","/identitygovernance/entitlementmanagement/resourcerequests/{}/catalog/resourcescopes/{}","Remove-MgEntitlementManagementResourceRequestCatalogResourceScope"
"DELETE","/identitygovernance/entitlementmanagement/resourcerequests/{}/catalog/resources/{}/scopes/{}/resource","Identity.Governance","Remove-MgIdentityGovernanceEntitlementManagementResourceRequestCatalogResourceScopeResource","rename","System.Object[]","/identitygovernance/entitlementmanagement/resourcerequests/{}/catalog/resourcescopes/{}/resource",""
"DELETE","/identitygovernance/entitlementmanagement/resourcerequests/{}/catalog/resources/{}/scopes/{}/resource/roles/{}","Identity.Governance","Remove-MgIdentityGovernanceEntitlementManagementResourceRequestCatalogResourceScopeResourceRole","rename","System.Object[]","/identitygovernance/entitlementmanagement/resourcerequests/{}/catalog/resourcescopes/{}/resource/roles/{}",""
"DELETE","/identitygovernance/entitlementmanagement/resourcerequests/{}/catalog/resources/{}/scopes/{}/resource/roles/{}/resource","Identity.Governance","Remove-MgIdentityGovernanceEntitlementManagementResourceRequestCatalogResourceScopeResourceRoleResource","rename","System.Object[]","/identitygovernance/entitlementmanagement/resourcerequests/{}/catalog/resourcescopes/{}/resource/roles/{}/resource",""
"DELETE","/identitygovernance/entitlementmanagement/resourcerequests/{}/catalog/resources/{}/scopes/{}/resource/roles/{}/resource/uploadsessions/{}","Identity.Governance","Remove-MgIdentityGovernanceEntitlementManagementResourceRequestCatalogResourceScopeResourceRoleResourceUploadSession","suppress","System.Object[]","/identitygovernance/entitlementmanagement/resourcerequests/{}/catalog/resourcescopes/{}/resource/roles/{}/resource/uploadsessions/{}",""
"DELETE","/identitygovernance/entitlementmanagement/resourcerequests/{}/catalog/resources/{}/scopes/{}/resource/roles/{}/resource/uploadsessions/{}/files/{}/$value","Identity.Governance","Remove-MgIdentityGovernanceEntitlementManagementResourceRequestCatalogResourceScopeResourceRoleResourceUploadSessionFileContent","suppress","System.Object[]","/identitygovernance/entitlementmanagement/resourcerequests/{}/catalog/resourcescopes/{}/resource/roles/{}/resource/uploadsessions/{}/files/{}/$value",""
"DELETE","/identitygovernance/entitlementmanagement/resourcerequests/{}/catalog/resources/{}/scopes/{}/resource/uploadsessions/{}","Identity.Governance","Remove-MgIdentityGovernanceEntitlementManagementResourceRequestCatalogResourceScopeResourceUploadSession","suppress","System.Object[]","/identitygovernance/entitlementmanagement/resourcerequests/{}/catalog/resourcescopes/{}/resource/uploadsessions/{}",""
"DELETE","/identitygovernance/entitlementmanagement/resourcerequests/{}/catalog/resources/{}/scopes/{}/resource/uploadsessions/{}/files/{}/$value","Identity.Governance","Remove-MgIdentityGovernanceEntitlementManagementResourceRequestCatalogResourceScopeResourceUploadSessionFileContent","suppress","System.Object[]","/identitygovernance/entitlementmanagement/resourcerequests/{}/catalog/resourcescopes/{}/resource/uploadsessions/{}/files/{}/$value",""
"DELETE","/identitygovernance/entitlementmanagement/resourcerequests/{}/catalog/resourcescopes/{}","Identity.Governance","Remove-MgIdentityGovernanceEntitlementManagementResourceRequestCatalogResourceScope","rename","System.Object[]","/identitygovernance/entitlementmanagement/resourcerequests/{}/catalog/resources/{}/scopes/{}",""
"DELETE","/identitygovernance/entitlementmanagement/resourcerequests/{}/catalog/resourcescopes/{}/resource","Identity.Governance","Remove-MgIdentityGovernanceEntitlementManagementResourceRequestCatalogResourceScopeResource","suppress","System.Object[]","/identitygovernance/entitlementmanagement/resourcerequests/{}/catalog/resources/{}/scopes/{}/resource","Remove-MgEntitlementManagementResourceRequestCatalogResourceScopeResource"
"DELETE","/identitygovernance/entitlementmanagement/resourcerequests/{}/catalog/resourcescopes/{}/resource/roles/{}","Identity.Governance","Remove-MgIdentityGovernanceEntitlementManagementResourceRequestCatalogResourceScopeResourceRole","suppress","System.Object[]","/identitygovernance/entitlementmanagement/resourcerequests/{}/catalog/resources/{}/scopes/{}/resource/roles/{}","Remove-MgEntitlementManagementResourceRequestCatalogResourceScopeResourceRole"
"DELETE","/identitygovernance/entitlementmanagement/resourcerequests/{}/catalog/resourcescopes/{}/resource/roles/{}/resource","Identity.Governance","Remove-MgIdentityGovernanceEntitlementManagementResourceRequestCatalogResourceScopeResourceRoleResource","suppress","System.Object[]","/identitygovernance/entitlementmanagement/resourcerequests/{}/catalog/resources/{}/scopes/{}/resource/roles/{}/resource","Remove-MgEntitlementManagementResourceRequestCatalogResourceScopeResourceRoleResource"
"DELETE","/identitygovernance/entitlementmanagement/resourcerequests/{}/catalog/resourcescopes/{}/resource/roles/{}/resource/uploadsessions/{}","Identity.Governance","Remove-MgIdentityGovernanceEntitlementManagementResourceRequestCatalogResourceScopeResourceRoleResourceUploadSession","suppress","System.Object[]","/identitygovernance/entitlementmanagement/resourcerequests/{}/catalog/resources/{}/scopes/{}/resource/roles/{}/resource/uploadsessions/{}",""
"DELETE","/identitygovernance/entitlementmanagement/resourcerequests/{}/catalog/resourcescopes/{}/resource/roles/{}/resource/uploadsessions/{}/files/{}/$value","Identity.Governance","Remove-MgIdentityGovernanceEntitlementManagementResourceRequestCatalogResourceScopeResourceRoleResourceUploadSessionFileContent","suppress","System.Object[]","/identitygovernance/entitlementmanagement/resourcerequests/{}/catalog/resources/{}/scopes/{}/resource/roles/{}/resource/uploadsessions/{}/files/{}/$value",""
"DELETE","/identitygovernance/entitlementmanagement/resourcerequests/{}/catalog/resourcescopes/{}/resource/uploadsessions/{}","Identity.Governance","Remove-MgIdentityGovernanceEntitlementManagementResourceRequestCatalogResourceScopeResourceUploadSession","suppress","System.Object[]","/identitygovernance/entitlementmanagement/resourcerequests/{}/catalog/resources/{}/scopes/{}/resource/uploadsessions/{}",""
"DELETE","/identitygovernance/entitlementmanagement/resourcerequests/{}/catalog/resourcescopes/{}/resource/uploadsessions/{}/files/{}/$value","Identity.Governance","Remove-MgIdentityGovernanceEntitlementManagementResourceRequestCatalogResourceScopeResourceUploadSessionFileContent","suppress","System.Object[]","/identitygovernance/entitlementmanagement/resourcerequests/{}/catalog/resources/{}/scopes/{}/resource/uploadsessions/{}/files/{}/$value",""
"DELETE","/policies/featurerolloutpolicies/{}/appliesto/{}/$ref","Identity.SignIns","Remove-MgPolicyFeatureRolloutPolicyApplyToByRef","rename","System.Object[]","/policies/featurerolloutpolicies/{}/appliesto/$ref",""
"DELETE","/policies/featurerolloutpolicies/{}/appliesto/$ref","Identity.SignIns","Remove-MgPolicyFeatureRolloutPolicyApplyToByRef","suppress","System.Object[]","/policies/featurerolloutpolicies/{}/appliesto/{}/$ref","Remove-MgPolicyFeatureRolloutPolicyApplyToDirectoryObjectByRef"
"DELETE","/print/shares/{}/allowedgroups/{}/$ref","Devices.CloudPrint","Remove-MgPrintShareAllowedGroupByRef","suppress","System.Object[]","/print/shares/{}/allowedgroups/$ref","Remove-MgPrintShareAllowedGroupByRef"
"DELETE","/print/shares/{}/allowedgroups/$ref","Devices.CloudPrint","Remove-MgPrintShareAllowedGroupByRef","keep","System.Object[]","/print/shares/{}/allowedgroups/{}/$ref",""
"DELETE","/print/shares/{}/allowedusers/{}/$ref","Devices.CloudPrint","Remove-MgPrintShareAllowedUserByRef","suppress","System.Object[]","/print/shares/{}/allowedusers/$ref","Remove-MgPrintShareAllowedUserByRef"
"DELETE","/print/shares/{}/allowedusers/$ref","Devices.CloudPrint","Remove-MgPrintShareAllowedUserByRef","keep","System.Object[]","/print/shares/{}/allowedusers/{}/$ref",""
"DELETE","/serviceprincipals/{}/claimsmappingpolicies/{}/$ref","Applications","Remove-MgServicePrincipalClaimMappingPolicyByRef","rename","System.Object[]","/serviceprincipals/{}/claimsmappingpolicies/$ref",""
"DELETE","/serviceprincipals/{}/claimsmappingpolicies/$ref","Applications","Remove-MgServicePrincipalClaimMappingPolicyByRef","suppress","System.Object[]","/serviceprincipals/{}/claimsmappingpolicies/{}/$ref","Remove-MgServicePrincipalClaimMappingPolicyClaimMappingPolicyByRef"
"DELETE","/serviceprincipals/{}/homerealmdiscoverypolicies/{}/$ref","Applications","Remove-MgServicePrincipalHomeRealmDiscoveryPolicyByRef","rename","System.Object[]","/serviceprincipals/{}/homerealmdiscoverypolicies/$ref",""
"DELETE","/serviceprincipals/{}/homerealmdiscoverypolicies/$ref","Applications","Remove-MgServicePrincipalHomeRealmDiscoveryPolicyByRef","suppress","System.Object[]","/serviceprincipals/{}/homerealmdiscoverypolicies/{}/$ref","Remove-MgServicePrincipalHomeRealmDiscoveryPolicyHomeRealmDiscoveryPolicyByRef"
"DELETE","/serviceprincipals/{}/owners/{}/$ref","Applications","Remove-MgServicePrincipalOwnerByRef","rename","System.Object[]","/serviceprincipals/{}/owners/$ref",""
"DELETE","/serviceprincipals/{}/owners/$ref","Applications","Remove-MgServicePrincipalOwnerByRef","suppress","System.Object[]","/serviceprincipals/{}/owners/{}/$ref","Remove-MgServicePrincipalOwnerDirectoryObjectByRef"
"DELETE","/serviceprincipals/{}/tokenissuancepolicies/{}/$ref","Applications","Remove-MgServicePrincipalTokenIssuancePolicyByRef","rename","System.Object[]","/serviceprincipals/{}/tokenissuancepolicies/$ref","Remove-MgServicePrincipalTokenIssuancePolicyByRef"
"DELETE","/serviceprincipals/{}/tokenissuancepolicies/$ref","Applications","Remove-MgServicePrincipalTokenIssuancePolicyByRef","keep","System.Object[]","/serviceprincipals/{}/tokenissuancepolicies/{}/$ref","Remove-MgServicePrincipalTokenIssuancePolicyTokenIssuancePolicyByRef"
"DELETE","/serviceprincipals/{}/tokenlifetimepolicies/{}/$ref","Applications","Remove-MgServicePrincipalTokenLifetimePolicyByRef","rename","System.Object[]","/serviceprincipals/{}/tokenlifetimepolicies/$ref","Remove-MgServicePrincipalTokenLifetimePolicyByRef"
"DELETE","/serviceprincipals/{}/tokenlifetimepolicies/$ref","Applications","Remove-MgServicePrincipalTokenLifetimePolicyByRef","keep","System.Object[]","/serviceprincipals/{}/tokenlifetimepolicies/{}/$ref","Remove-MgServicePrincipalTokenLifetimePolicyTokenLifetimePolicyByRef"
"DELETE","/sites/{}/termstore/groups/{}/sets/{}/children/{}","Sites","Remove-MgSiteTermStoreGroupSetChild","keep","System.Object[]","/sites/{}/termstore/groups/{}/sets/{}/children/{}/children/{}",""
"DELETE","/sites/{}/termstore/groups/{}/sets/{}/children/{}/children/{}","Sites","Remove-MgSiteTermStoreGroupSetChild","suppress","System.Object[]","/sites/{}/termstore/groups/{}/sets/{}/children/{}","Remove-MgSiteTermStoreGroupSetChild"
"DELETE","/sites/{}/termstore/groups/{}/sets/{}/children/{}/children/{}/relations/{}","Sites","Remove-MgSiteTermStoreGroupSetChildRelation","keep","System.Object[]","/sites/{}/termstore/groups/{}/sets/{}/children/{}/relations/{}",""
"DELETE","/sites/{}/termstore/groups/{}/sets/{}/children/{}/relations/{}","Sites","Remove-MgSiteTermStoreGroupSetChildRelation","suppress","System.Object[]","/sites/{}/termstore/groups/{}/sets/{}/children/{}/children/{}/relations/{}","Remove-MgSiteTermStoreGroupSetChildRelation"
"DELETE","/sites/{}/termstore/sets/{}/children/{}","Sites","Remove-MgSiteTermStoreSetChild","keep","System.Object[]","/sites/{}/termstore/sets/{}/children/{}/children/{}",""
"DELETE","/sites/{}/termstore/sets/{}/children/{}/children/{}","Sites","Remove-MgSiteTermStoreSetChild","suppress","System.Object[]","/sites/{}/termstore/sets/{}/children/{}","Remove-MgSiteTermStoreSetChild"
"DELETE","/sites/{}/termstore/sets/{}/children/{}/children/{}/relations/{}","Sites","Remove-MgSiteTermStoreSetChildRelation","keep","System.Object[]","/sites/{}/termstore/sets/{}/children/{}/relations/{}",""
"DELETE","/sites/{}/termstore/sets/{}/children/{}/relations/{}","Sites","Remove-MgSiteTermStoreSetChildRelation","suppress","System.Object[]","/sites/{}/termstore/sets/{}/children/{}/children/{}/relations/{}","Remove-MgSiteTermStoreSetChildRelation"
"DELETE","/sites/{}/termstore/sets/{}/parentgroup/sets/{}/children/{}","Sites","Remove-MgSiteTermStoreSetParentGroupSetChild","keep","System.Object[]","/sites/{}/termstore/sets/{}/parentgroup/sets/{}/children/{}/children/{}",""
"DELETE","/sites/{}/termstore/sets/{}/parentgroup/sets/{}/children/{}/children/{}","Sites","Remove-MgSiteTermStoreSetParentGroupSetChild","suppress","System.Object[]","/sites/{}/termstore/sets/{}/parentgroup/sets/{}/children/{}","Remove-MgSiteTermStoreSetParentGroupSetChild"
"DELETE","/sites/{}/termstore/sets/{}/parentgroup/sets/{}/children/{}/children/{}/relations/{}","Sites","Remove-MgSiteTermStoreSetParentGroupSetChildRelation","keep","System.Object[]","/sites/{}/termstore/sets/{}/parentgroup/sets/{}/children/{}/relations/{}",""
"DELETE","/sites/{}/termstore/sets/{}/parentgroup/sets/{}/children/{}/relations/{}","Sites","Remove-MgSiteTermStoreSetParentGroupSetChildRelation","suppress","System.Object[]","/sites/{}/termstore/sets/{}/parentgroup/sets/{}/children/{}/children/{}/relations/{}","Remove-MgSiteTermStoreSetParentGroupSetChildRelation"
"DELETE","/users/{}/photo/$value","Users","Remove-MgUserPhotoContent","keep","System.Object[]","/users/{}/photos/{}/$value",""
"DELETE","/users/{}/photos/{}/$value","Users","Remove-MgUserPhotoContent","suppress","System.Object[]","/users/{}/photo/$value","Remove-MgUserPhotoContent"
"DELETE","/users/{}/sponsors/{}/$ref","Users","Remove-MgUserSponsorByRef","rename","System.Object[]","/users/{}/sponsors/$ref","Remove-MgUserSponsorByRef"
"DELETE","/users/{}/sponsors/$ref","Users","Remove-MgUserSponsorByRef","keep","System.Object[]","/users/{}/sponsors/{}/$ref","Remove-MgUserSponsorDirectoryObjectByRef"
"GET","/education/classes/{}/assignmentcategories/$count","Education","Get-MgEducationClassAssignmentCategoryCount","keep","System.Object[]","/education/classes/{}/assignments/{}/categories/$count",""
"GET","/education/classes/{}/assignmentcategories/delta","Education","Get-MgEducationClassAssignmentCategoryDelta","keep","System.Object[]","/education/classes/{}/assignments/{}/categories/delta",""
"GET","/education/classes/{}/assignments/{}/categories/$count","Education","Get-MgEducationClassAssignmentCategoryCount","suppress","System.Object[]","/education/classes/{}/assignmentcategories/$count","Get-MgEducationClassAssignmentCategoryCount"
"GET","/education/classes/{}/assignments/{}/categories/delta","Education","Get-MgEducationClassAssignmentCategoryDelta","suppress","System.Object[]","/education/classes/{}/assignmentcategories/delta","Get-MgEducationClassAssignmentCategoryDelta"
"GET","/groups/{}/calendar/calendarview","Calendar","Get-MgGroupCalendarView","keep","System.Object[]","/groups/{}/calendarview",""
"GET","/groups/{}/calendar/calendarview/delta","Calendar","Get-MgGroupCalendarViewDelta","suppress","System.Object[]","/groups/{}/calendarview/delta",""
"GET","/groups/{}/calendarview","Calendar","Get-MgGroupCalendarView","suppress","System.Object[]","/groups/{}/calendar/calendarview","Get-MgGroupCalendarView"
"GET","/groups/{}/calendarview/delta","Calendar","Get-MgGroupCalendarViewDelta","suppress","System.Object[]","/groups/{}/calendar/calendarview/delta",""
"GET","/groups/{}/onenote/notebooks/{}/sectiongroups","Notes","Get-MgGroupOnenoteNotebookSectionGroup","keep","System.Object[]","/groups/{}/onenote/notebooks/{}/sectiongroups/{};/groups/{}/onenote/notebooks/{}/sectiongroups/{}/sectiongroups;/groups/{}/onenote/notebooks/{}/sectiongroups/{}/sectiongroups/{}","Get-MgGroupOnenoteNotebookSectionGroup"
"GET","/groups/{}/onenote/notebooks/{}/sectiongroups/{}","Notes","Get-MgGroupOnenoteNotebookSectionGroup","keep","System.Object[]","/groups/{}/onenote/notebooks/{}/sectiongroups","Get-MgGroupOnenoteNotebookSectionGroup"
"GET","/groups/{}/onenote/notebooks/{}/sectiongroups/{}/sectiongroups","Notes","Get-MgGroupOnenoteNotebookSectionGroup","suppress","System.Object[]","/groups/{}/onenote/notebooks/{}/sectiongroups","Get-MgGroupOnenoteNotebookSectionGroup"
"GET","/groups/{}/onenote/notebooks/{}/sectiongroups/{}/sectiongroups/{}","Notes","Get-MgGroupOnenoteNotebookSectionGroup","suppress","System.Object[]","/groups/{}/onenote/notebooks/{}/sectiongroups","Get-MgGroupOnenoteNotebookSectionGroup"
"GET","/groups/{}/onenote/notebooks/{}/sectiongroups/{}/sectiongroups/$count","Notes","Get-MgGroupOnenoteNotebookSectionGroupCount","keep","System.Object[]","/groups/{}/onenote/notebooks/{}/sectiongroups/$count",""
"GET","/groups/{}/onenote/notebooks/{}/sectiongroups/$count","Notes","Get-MgGroupOnenoteNotebookSectionGroupCount","suppress","System.Object[]","/groups/{}/onenote/notebooks/{}/sectiongroups/{}/sectiongroups/$count","Get-MgGroupOnenoteNotebookSectionGroupCount"
"GET","/groups/{}/onenote/sectiongroups","Notes","Get-MgGroupOnenoteSectionGroup","keep","System.Object[]","/groups/{}/onenote/sectiongroups/{};/groups/{}/onenote/sectiongroups/{}/sectiongroups;/groups/{}/onenote/sectiongroups/{}/sectiongroups/{}","Get-MgGroupOnenoteSectionGroup"
"GET","/groups/{}/onenote/sectiongroups/{}","Notes","Get-MgGroupOnenoteSectionGroup","keep","System.Object[]","/groups/{}/onenote/sectiongroups","Get-MgGroupOnenoteSectionGroup"
"GET","/groups/{}/onenote/sectiongroups/{}/sectiongroups","Notes","Get-MgGroupOnenoteSectionGroup","suppress","System.Object[]","/groups/{}/onenote/sectiongroups","Get-MgGroupOnenoteSectionGroup"
"GET","/groups/{}/onenote/sectiongroups/{}/sectiongroups/{}","Notes","Get-MgGroupOnenoteSectionGroup","suppress","System.Object[]","/groups/{}/onenote/sectiongroups","Get-MgGroupOnenoteSectionGroup"
"GET","/groups/{}/onenote/sectiongroups/{}/sectiongroups/$count","Notes","Get-MgGroupOnenoteSectionGroupCount","keep","System.Object[]","/groups/{}/onenote/sectiongroups/$count",""
"GET","/groups/{}/onenote/sectiongroups/$count","Notes","Get-MgGroupOnenoteSectionGroupCount","suppress","System.Object[]","/groups/{}/onenote/sectiongroups/{}/sectiongroups/$count","Get-MgGroupOnenoteSectionGroupCount"
"GET","/groups/{}/photo","Groups","Get-MgGroupPhoto","keep","System.Object[]","/groups/{}/photos","Get-MgGroupPhoto"
"GET","/groups/{}/photo/$value","Groups","Get-MgGroupPhotoContent","keep","System.Object[]","/groups/{}/photos/{}/$value",""
"GET","/groups/{}/photos","Groups","Get-MgGroupPhoto","suppress-deferred","System.Object[]","/groups/{}/photo","Get-MgGroupPhoto"
"GET","/groups/{}/photos/{}/$value","Groups","Get-MgGroupPhotoContent","suppress","System.Object[]","/groups/{}/photo/$value","Get-MgGroupPhotoContent"
"GET","/groups/{}/settings","Groups","Get-MgGroupSetting","keep","System.Object[]","/groups/{}/settings/{};/groupsettings;/groupsettings/{}","Get-MgGroupSetting"
"GET","/groups/{}/settings/{}","Groups","Get-MgGroupSetting","keep","System.Object[]","/groups/{}/settings","Get-MgGroupSetting"
"GET","/groups/{}/settings/$count","Groups","Get-MgGroupSettingCount","keep","System.Object[]","/groupsettings/$count",""
"GET","/groups/{}/sites/{}/onenote/notebooks/{}/sectiongroups","Sites","Get-MgGroupSiteOnenoteNotebookSectionGroup","keep","System.Object[]","/groups/{}/sites/{}/onenote/notebooks/{}/sectiongroups/{};/groups/{}/sites/{}/onenote/notebooks/{}/sectiongroups/{}/sectiongroups;/groups/{}/sites/{}/onenote/notebooks/{}/sectiongroups/{}/sectiongroups/{}","Get-MgGroupSiteOnenoteNotebookSectionGroup"
"GET","/groups/{}/sites/{}/onenote/notebooks/{}/sectiongroups/{}","Sites","Get-MgGroupSiteOnenoteNotebookSectionGroup","keep","System.Object[]","/groups/{}/sites/{}/onenote/notebooks/{}/sectiongroups","Get-MgGroupSiteOnenoteNotebookSectionGroup"
"GET","/groups/{}/sites/{}/onenote/notebooks/{}/sectiongroups/{}/sectiongroups","Sites","Get-MgGroupSiteOnenoteNotebookSectionGroup","suppress","System.Object[]","/groups/{}/sites/{}/onenote/notebooks/{}/sectiongroups","Get-MgGroupSiteOnenoteNotebookSectionGroup"
"GET","/groups/{}/sites/{}/onenote/notebooks/{}/sectiongroups/{}/sectiongroups/{}","Sites","Get-MgGroupSiteOnenoteNotebookSectionGroup","suppress","System.Object[]","/groups/{}/sites/{}/onenote/notebooks/{}/sectiongroups","Get-MgGroupSiteOnenoteNotebookSectionGroup"
"GET","/groups/{}/sites/{}/onenote/notebooks/{}/sectiongroups/{}/sectiongroups/$count","Sites","Get-MgGroupSiteOnenoteNotebookSectionGroupCount","keep","System.Object[]","/groups/{}/sites/{}/onenote/notebooks/{}/sectiongroups/$count",""
"GET","/groups/{}/sites/{}/onenote/notebooks/{}/sectiongroups/$count","Sites","Get-MgGroupSiteOnenoteNotebookSectionGroupCount","suppress","System.Object[]","/groups/{}/sites/{}/onenote/notebooks/{}/sectiongroups/{}/sectiongroups/$count","Get-MgGroupSiteOnenoteNotebookSectionGroupCount"
"GET","/groups/{}/sites/{}/onenote/sectiongroups","Sites","Get-MgGroupSiteOnenoteSectionGroup","keep","System.Object[]","/groups/{}/sites/{}/onenote/sectiongroups/{};/groups/{}/sites/{}/onenote/sectiongroups/{}/sectiongroups;/groups/{}/sites/{}/onenote/sectiongroups/{}/sectiongroups/{}","Get-MgGroupSiteOnenoteSectionGroup"
"GET","/groups/{}/sites/{}/onenote/sectiongroups/{}","Sites","Get-MgGroupSiteOnenoteSectionGroup","keep","System.Object[]","/groups/{}/sites/{}/onenote/sectiongroups","Get-MgGroupSiteOnenoteSectionGroup"
"GET","/groups/{}/sites/{}/onenote/sectiongroups/{}/sectiongroups","Sites","Get-MgGroupSiteOnenoteSectionGroup","suppress","System.Object[]","/groups/{}/sites/{}/onenote/sectiongroups","Get-MgGroupSiteOnenoteSectionGroup"
"GET","/groups/{}/sites/{}/onenote/sectiongroups/{}/sectiongroups/{}","Sites","Get-MgGroupSiteOnenoteSectionGroup","suppress","System.Object[]","/groups/{}/sites/{}/onenote/sectiongroups","Get-MgGroupSiteOnenoteSectionGroup"
"GET","/groups/{}/sites/{}/onenote/sectiongroups/{}/sectiongroups/$count","Sites","Get-MgGroupSiteOnenoteSectionGroupCount","keep","System.Object[]","/groups/{}/sites/{}/onenote/sectiongroups/$count",""
"GET","/groups/{}/sites/{}/onenote/sectiongroups/$count","Sites","Get-MgGroupSiteOnenoteSectionGroupCount","suppress","System.Object[]","/groups/{}/sites/{}/onenote/sectiongroups/{}/sectiongroups/$count","Get-MgGroupSiteOnenoteSectionGroupCount"
"GET","/groups/{}/sites/{}/sites/$count","Sites","Get-MgGroupSiteCount","rename","System.Object[]","/groups/{}/sites/$count","Get-MgGroupSiteCount"
"GET","/groups/{}/sites/{}/termstore/groups/{}/sets/{}/children","Sites","Get-MgGroupSiteTermStoreGroupSetChild","keep","System.Object[]","/groups/{}/sites/{}/termstore/groups/{}/sets/{}/children/{};/groups/{}/sites/{}/termstore/groups/{}/sets/{}/children/{}/children;/groups/{}/sites/{}/termstore/groups/{}/sets/{}/children/{}/children/{}","Get-MgGroupSiteTermStoreGroupSetChild"
"GET","/groups/{}/sites/{}/termstore/groups/{}/sets/{}/children/{}","Sites","Get-MgGroupSiteTermStoreGroupSetChild","keep","System.Object[]","/groups/{}/sites/{}/termstore/groups/{}/sets/{}/children","Get-MgGroupSiteTermStoreGroupSetChild"
"GET","/groups/{}/sites/{}/termstore/groups/{}/sets/{}/children/{}/children","Sites","Get-MgGroupSiteTermStoreGroupSetChild","suppress","System.Object[]","/groups/{}/sites/{}/termstore/groups/{}/sets/{}/children","Get-MgGroupSiteTermStoreGroupSetChild"
"GET","/groups/{}/sites/{}/termstore/groups/{}/sets/{}/children/{}/children/{}","Sites","Get-MgGroupSiteTermStoreGroupSetChild","suppress","System.Object[]","/groups/{}/sites/{}/termstore/groups/{}/sets/{}/children","Get-MgGroupSiteTermStoreGroupSetChild"
"GET","/groups/{}/sites/{}/termstore/groups/{}/sets/{}/children/{}/children/{}/relations","Sites","Get-MgGroupSiteTermStoreGroupSetChildRelation","keep","System.Object[]","/groups/{}/sites/{}/termstore/groups/{}/sets/{}/children/{}/children/{}/relations/{};/groups/{}/sites/{}/termstore/groups/{}/sets/{}/children/{}/relations;/groups/{}/sites/{}/termstore/groups/{}/sets/{}/children/{}/relations/{}","Get-MgGroupSiteTermStoreGroupSetChildRelation"
"GET","/groups/{}/sites/{}/termstore/groups/{}/sets/{}/children/{}/children/{}/relations/{}","Sites","Get-MgGroupSiteTermStoreGroupSetChildRelation","keep","System.Object[]","/groups/{}/sites/{}/termstore/groups/{}/sets/{}/children/{}/children/{}/relations","Get-MgGroupSiteTermStoreGroupSetChildRelation"
"GET","/groups/{}/sites/{}/termstore/groups/{}/sets/{}/children/{}/children/{}/relations/{}/fromterm","Sites","Get-MgGroupSiteTermStoreGroupSetChildRelationFromTerm","keep","System.Object[]","/groups/{}/sites/{}/termstore/groups/{}/sets/{}/children/{}/relations/{}/fromterm",""
"GET","/groups/{}/sites/{}/termstore/groups/{}/sets/{}/children/{}/children/{}/relations/{}/set","Sites","Get-MgGroupSiteTermStoreGroupSetChildRelationSet","keep","System.Object[]","/groups/{}/sites/{}/termstore/groups/{}/sets/{}/children/{}/relations/{}/set",""
"GET","/groups/{}/sites/{}/termstore/groups/{}/sets/{}/children/{}/children/{}/relations/{}/toterm","Sites","Get-MgGroupSiteTermStoreGroupSetChildRelationToTerm","keep","System.Object[]","/groups/{}/sites/{}/termstore/groups/{}/sets/{}/children/{}/relations/{}/toterm",""
"GET","/groups/{}/sites/{}/termstore/groups/{}/sets/{}/children/{}/children/{}/relations/$count","Sites","Get-MgGroupSiteTermStoreGroupSetChildRelationCount","keep","System.Object[]","/groups/{}/sites/{}/termstore/groups/{}/sets/{}/children/{}/relations/$count",""
"GET","/groups/{}/sites/{}/termstore/groups/{}/sets/{}/children/{}/children/{}/set","Sites","Get-MgGroupSiteTermStoreGroupSetChildSet","keep","System.Object[]","/groups/{}/sites/{}/termstore/groups/{}/sets/{}/children/{}/set",""
"GET","/groups/{}/sites/{}/termstore/groups/{}/sets/{}/children/{}/children/$count","Sites","Get-MgGroupSiteTermStoreGroupSetChildCount","keep","System.Object[]","/groups/{}/sites/{}/termstore/groups/{}/sets/{}/children/$count",""
"GET","/groups/{}/sites/{}/termstore/groups/{}/sets/{}/children/{}/relations","Sites","Get-MgGroupSiteTermStoreGroupSetChildRelation","suppress","System.Object[]","/groups/{}/sites/{}/termstore/groups/{}/sets/{}/children/{}/children/{}/relations","Get-MgGroupSiteTermStoreGroupSetChildRelation"
"GET","/groups/{}/sites/{}/termstore/groups/{}/sets/{}/children/{}/relations/{}","Sites","Get-MgGroupSiteTermStoreGroupSetChildRelation","suppress","System.Object[]","/groups/{}/sites/{}/termstore/groups/{}/sets/{}/children/{}/children/{}/relations","Get-MgGroupSiteTermStoreGroupSetChildRelation"
"GET","/groups/{}/sites/{}/termstore/groups/{}/sets/{}/children/{}/relations/{}/fromterm","Sites","Get-MgGroupSiteTermStoreGroupSetChildRelationFromTerm","suppress","System.Object[]","/groups/{}/sites/{}/termstore/groups/{}/sets/{}/children/{}/children/{}/relations/{}/fromterm","Get-MgGroupSiteTermStoreGroupSetChildRelationFromTerm"
"GET","/groups/{}/sites/{}/termstore/groups/{}/sets/{}/children/{}/relations/{}/set","Sites","Get-MgGroupSiteTermStoreGroupSetChildRelationSet","suppress","System.Object[]","/groups/{}/sites/{}/termstore/groups/{}/sets/{}/children/{}/children/{}/relations/{}/set","Get-MgGroupSiteTermStoreGroupSetChildRelationSet"
"GET","/groups/{}/sites/{}/termstore/groups/{}/sets/{}/children/{}/relations/{}/toterm","Sites","Get-MgGroupSiteTermStoreGroupSetChildRelationToTerm","suppress","System.Object[]","/groups/{}/sites/{}/termstore/groups/{}/sets/{}/children/{}/children/{}/relations/{}/toterm","Get-MgGroupSiteTermStoreGroupSetChildRelationToTerm"
"GET","/groups/{}/sites/{}/termstore/groups/{}/sets/{}/children/{}/relations/$count","Sites","Get-MgGroupSiteTermStoreGroupSetChildRelationCount","suppress","System.Object[]","/groups/{}/sites/{}/termstore/groups/{}/sets/{}/children/{}/children/{}/relations/$count","Get-MgGroupSiteTermStoreGroupSetChildRelationCount"
"GET","/groups/{}/sites/{}/termstore/groups/{}/sets/{}/children/{}/set","Sites","Get-MgGroupSiteTermStoreGroupSetChildSet","suppress","System.Object[]","/groups/{}/sites/{}/termstore/groups/{}/sets/{}/children/{}/children/{}/set","Get-MgGroupSiteTermStoreGroupSetChildSet"
"GET","/groups/{}/sites/{}/termstore/groups/{}/sets/{}/children/$count","Sites","Get-MgGroupSiteTermStoreGroupSetChildCount","suppress","System.Object[]","/groups/{}/sites/{}/termstore/groups/{}/sets/{}/children/{}/children/$count","Get-MgGroupSiteTermStoreGroupSetChildCount"
"GET","/groups/{}/sites/{}/termstore/sets/{}/children","Sites","Get-MgGroupSiteTermStoreSetChild","keep","System.Object[]","/groups/{}/sites/{}/termstore/sets/{}/children/{};/groups/{}/sites/{}/termstore/sets/{}/children/{}/children;/groups/{}/sites/{}/termstore/sets/{}/children/{}/children/{}","Get-MgGroupSiteTermStoreSetChild"
"GET","/groups/{}/sites/{}/termstore/sets/{}/children/{}","Sites","Get-MgGroupSiteTermStoreSetChild","keep","System.Object[]","/groups/{}/sites/{}/termstore/sets/{}/children","Get-MgGroupSiteTermStoreSetChild"
"GET","/groups/{}/sites/{}/termstore/sets/{}/children/{}/children","Sites","Get-MgGroupSiteTermStoreSetChild","suppress","System.Object[]","/groups/{}/sites/{}/termstore/sets/{}/children","Get-MgGroupSiteTermStoreSetChild"
"GET","/groups/{}/sites/{}/termstore/sets/{}/children/{}/children/{}","Sites","Get-MgGroupSiteTermStoreSetChild","suppress","System.Object[]","/groups/{}/sites/{}/termstore/sets/{}/children","Get-MgGroupSiteTermStoreSetChild"
"GET","/groups/{}/sites/{}/termstore/sets/{}/children/{}/children/{}/relations","Sites","Get-MgGroupSiteTermStoreSetChildRelation","keep","System.Object[]","/groups/{}/sites/{}/termstore/sets/{}/children/{}/children/{}/relations/{};/groups/{}/sites/{}/termstore/sets/{}/children/{}/relations;/groups/{}/sites/{}/termstore/sets/{}/children/{}/relations/{}","Get-MgGroupSiteTermStoreSetChildRelation"
"GET","/groups/{}/sites/{}/termstore/sets/{}/children/{}/children/{}/relations/{}","Sites","Get-MgGroupSiteTermStoreSetChildRelation","keep","System.Object[]","/groups/{}/sites/{}/termstore/sets/{}/children/{}/children/{}/relations","Get-MgGroupSiteTermStoreSetChildRelation"
"GET","/groups/{}/sites/{}/termstore/sets/{}/children/{}/children/{}/relations/{}/fromterm","Sites","Get-MgGroupSiteTermStoreSetChildRelationFromTerm","keep","System.Object[]","/groups/{}/sites/{}/termstore/sets/{}/children/{}/relations/{}/fromterm",""
"GET","/groups/{}/sites/{}/termstore/sets/{}/children/{}/children/{}/relations/{}/set","Sites","Get-MgGroupSiteTermStoreSetChildRelationSet","keep","System.Object[]","/groups/{}/sites/{}/termstore/sets/{}/children/{}/relations/{}/set",""
"GET","/groups/{}/sites/{}/termstore/sets/{}/children/{}/children/{}/relations/{}/toterm","Sites","Get-MgGroupSiteTermStoreSetChildRelationToTerm","keep","System.Object[]","/groups/{}/sites/{}/termstore/sets/{}/children/{}/relations/{}/toterm",""
"GET","/groups/{}/sites/{}/termstore/sets/{}/children/{}/children/{}/relations/$count","Sites","Get-MgGroupSiteTermStoreSetChildRelationCount","keep","System.Object[]","/groups/{}/sites/{}/termstore/sets/{}/children/{}/relations/$count",""
"GET","/groups/{}/sites/{}/termstore/sets/{}/children/{}/children/{}/set","Sites","Get-MgGroupSiteTermStoreSetChildSet","keep","System.Object[]","/groups/{}/sites/{}/termstore/sets/{}/children/{}/set",""
"GET","/groups/{}/sites/{}/termstore/sets/{}/children/{}/children/$count","Sites","Get-MgGroupSiteTermStoreSetChildCount","keep","System.Object[]","/groups/{}/sites/{}/termstore/sets/{}/children/$count",""
"GET","/groups/{}/sites/{}/termstore/sets/{}/children/{}/relations","Sites","Get-MgGroupSiteTermStoreSetChildRelation","suppress","System.Object[]","/groups/{}/sites/{}/termstore/sets/{}/children/{}/children/{}/relations","Get-MgGroupSiteTermStoreSetChildRelation"
"GET","/groups/{}/sites/{}/termstore/sets/{}/children/{}/relations/{}","Sites","Get-MgGroupSiteTermStoreSetChildRelation","suppress","System.Object[]","/groups/{}/sites/{}/termstore/sets/{}/children/{}/children/{}/relations","Get-MgGroupSiteTermStoreSetChildRelation"
"GET","/groups/{}/sites/{}/termstore/sets/{}/children/{}/relations/{}/fromterm","Sites","Get-MgGroupSiteTermStoreSetChildRelationFromTerm","suppress","System.Object[]","/groups/{}/sites/{}/termstore/sets/{}/children/{}/children/{}/relations/{}/fromterm","Get-MgGroupSiteTermStoreSetChildRelationFromTerm"
"GET","/groups/{}/sites/{}/termstore/sets/{}/children/{}/relations/{}/set","Sites","Get-MgGroupSiteTermStoreSetChildRelationSet","suppress","System.Object[]","/groups/{}/sites/{}/termstore/sets/{}/children/{}/children/{}/relations/{}/set","Get-MgGroupSiteTermStoreSetChildRelationSet"
"GET","/groups/{}/sites/{}/termstore/sets/{}/children/{}/relations/{}/toterm","Sites","Get-MgGroupSiteTermStoreSetChildRelationToTerm","suppress","System.Object[]","/groups/{}/sites/{}/termstore/sets/{}/children/{}/children/{}/relations/{}/toterm","Get-MgGroupSiteTermStoreSetChildRelationToTerm"
"GET","/groups/{}/sites/{}/termstore/sets/{}/children/{}/relations/$count","Sites","Get-MgGroupSiteTermStoreSetChildRelationCount","suppress","System.Object[]","/groups/{}/sites/{}/termstore/sets/{}/children/{}/children/{}/relations/$count","Get-MgGroupSiteTermStoreSetChildRelationCount"
"GET","/groups/{}/sites/{}/termstore/sets/{}/children/{}/set","Sites","Get-MgGroupSiteTermStoreSetChildSet","suppress","System.Object[]","/groups/{}/sites/{}/termstore/sets/{}/children/{}/children/{}/set","Get-MgGroupSiteTermStoreSetChildSet"
"GET","/groups/{}/sites/{}/termstore/sets/{}/children/$count","Sites","Get-MgGroupSiteTermStoreSetChildCount","suppress","System.Object[]","/groups/{}/sites/{}/termstore/sets/{}/children/{}/children/$count","Get-MgGroupSiteTermStoreSetChildCount"
"GET","/groups/{}/sites/{}/termstore/sets/{}/parentgroup/sets/{}/children","Sites","Get-MgGroupSiteTermStoreSetParentGroupSetChild","keep","System.Object[]","/groups/{}/sites/{}/termstore/sets/{}/parentgroup/sets/{}/children/{};/groups/{}/sites/{}/termstore/sets/{}/parentgroup/sets/{}/children/{}/children;/groups/{}/sites/{}/termstore/sets/{}/parentgroup/sets/{}/children/{}/children/{}","Get-MgGroupSiteTermStoreSetParentGroupSetChild"
"GET","/groups/{}/sites/{}/termstore/sets/{}/parentgroup/sets/{}/children/{}","Sites","Get-MgGroupSiteTermStoreSetParentGroupSetChild","keep","System.Object[]","/groups/{}/sites/{}/termstore/sets/{}/parentgroup/sets/{}/children","Get-MgGroupSiteTermStoreSetParentGroupSetChild"
"GET","/groups/{}/sites/{}/termstore/sets/{}/parentgroup/sets/{}/children/{}/children","Sites","Get-MgGroupSiteTermStoreSetParentGroupSetChild","suppress","System.Object[]","/groups/{}/sites/{}/termstore/sets/{}/parentgroup/sets/{}/children","Get-MgGroupSiteTermStoreSetParentGroupSetChild"
"GET","/groups/{}/sites/{}/termstore/sets/{}/parentgroup/sets/{}/children/{}/children/{}","Sites","Get-MgGroupSiteTermStoreSetParentGroupSetChild","suppress","System.Object[]","/groups/{}/sites/{}/termstore/sets/{}/parentgroup/sets/{}/children","Get-MgGroupSiteTermStoreSetParentGroupSetChild"
"GET","/groups/{}/sites/{}/termstore/sets/{}/parentgroup/sets/{}/children/{}/children/{}/relations","Sites","Get-MgGroupSiteTermStoreSetParentGroupSetChildRelation","keep","System.Object[]","/groups/{}/sites/{}/termstore/sets/{}/parentgroup/sets/{}/children/{}/children/{}/relations/{};/groups/{}/sites/{}/termstore/sets/{}/parentgroup/sets/{}/children/{}/relations;/groups/{}/sites/{}/termstore/sets/{}/parentgroup/sets/{}/children/{}/relations/{}","Get-MgGroupSiteTermStoreSetParentGroupSetChildRelation"
"GET","/groups/{}/sites/{}/termstore/sets/{}/parentgroup/sets/{}/children/{}/children/{}/relations/{}","Sites","Get-MgGroupSiteTermStoreSetParentGroupSetChildRelation","keep","System.Object[]","/groups/{}/sites/{}/termstore/sets/{}/parentgroup/sets/{}/children/{}/children/{}/relations","Get-MgGroupSiteTermStoreSetParentGroupSetChildRelation"
"GET","/groups/{}/sites/{}/termstore/sets/{}/parentgroup/sets/{}/children/{}/children/{}/relations/{}/fromterm","Sites","Get-MgGroupSiteTermStoreSetParentGroupSetChildRelationFromTerm","keep","System.Object[]","/groups/{}/sites/{}/termstore/sets/{}/parentgroup/sets/{}/children/{}/relations/{}/fromterm",""
"GET","/groups/{}/sites/{}/termstore/sets/{}/parentgroup/sets/{}/children/{}/children/{}/relations/{}/set","Sites","Get-MgGroupSiteTermStoreSetParentGroupSetChildRelationSet","keep","System.Object[]","/groups/{}/sites/{}/termstore/sets/{}/parentgroup/sets/{}/children/{}/relations/{}/set",""
"GET","/groups/{}/sites/{}/termstore/sets/{}/parentgroup/sets/{}/children/{}/children/{}/relations/{}/toterm","Sites","Get-MgGroupSiteTermStoreSetParentGroupSetChildRelationToTerm","keep","System.Object[]","/groups/{}/sites/{}/termstore/sets/{}/parentgroup/sets/{}/children/{}/relations/{}/toterm",""
"GET","/groups/{}/sites/{}/termstore/sets/{}/parentgroup/sets/{}/children/{}/children/{}/relations/$count","Sites","Get-MgGroupSiteTermStoreSetParentGroupSetChildRelationCount","keep","System.Object[]","/groups/{}/sites/{}/termstore/sets/{}/parentgroup/sets/{}/children/{}/relations/$count",""
"GET","/groups/{}/sites/{}/termstore/sets/{}/parentgroup/sets/{}/children/{}/children/{}/set","Sites","Get-MgGroupSiteTermStoreSetParentGroupSetChildSet","keep","System.Object[]","/groups/{}/sites/{}/termstore/sets/{}/parentgroup/sets/{}/children/{}/set",""
"GET","/groups/{}/sites/{}/termstore/sets/{}/parentgroup/sets/{}/children/{}/children/$count","Sites","Get-MgGroupSiteTermStoreSetParentGroupSetChildCount","keep","System.Object[]","/groups/{}/sites/{}/termstore/sets/{}/parentgroup/sets/{}/children/$count",""
"GET","/groups/{}/sites/{}/termstore/sets/{}/parentgroup/sets/{}/children/{}/relations","Sites","Get-MgGroupSiteTermStoreSetParentGroupSetChildRelation","suppress","System.Object[]","/groups/{}/sites/{}/termstore/sets/{}/parentgroup/sets/{}/children/{}/children/{}/relations","Get-MgGroupSiteTermStoreSetParentGroupSetChildRelation"
"GET","/groups/{}/sites/{}/termstore/sets/{}/parentgroup/sets/{}/children/{}/relations/{}","Sites","Get-MgGroupSiteTermStoreSetParentGroupSetChildRelation","suppress","System.Object[]","/groups/{}/sites/{}/termstore/sets/{}/parentgroup/sets/{}/children/{}/children/{}/relations","Get-MgGroupSiteTermStoreSetParentGroupSetChildRelation"
"GET","/groups/{}/sites/{}/termstore/sets/{}/parentgroup/sets/{}/children/{}/relations/{}/fromterm","Sites","Get-MgGroupSiteTermStoreSetParentGroupSetChildRelationFromTerm","suppress","System.Object[]","/groups/{}/sites/{}/termstore/sets/{}/parentgroup/sets/{}/children/{}/children/{}/relations/{}/fromterm","Get-MgGroupSiteTermStoreSetParentGroupSetChildRelationFromTerm"
"GET","/groups/{}/sites/{}/termstore/sets/{}/parentgroup/sets/{}/children/{}/relations/{}/set","Sites","Get-MgGroupSiteTermStoreSetParentGroupSetChildRelationSet","suppress","System.Object[]","/groups/{}/sites/{}/termstore/sets/{}/parentgroup/sets/{}/children/{}/children/{}/relations/{}/set","Get-MgGroupSiteTermStoreSetParentGroupSetChildRelationSet"
"GET","/groups/{}/sites/{}/termstore/sets/{}/parentgroup/sets/{}/children/{}/relations/{}/toterm","Sites","Get-MgGroupSiteTermStoreSetParentGroupSetChildRelationToTerm","suppress","System.Object[]","/groups/{}/sites/{}/termstore/sets/{}/parentgroup/sets/{}/children/{}/children/{}/relations/{}/toterm","Get-MgGroupSiteTermStoreSetParentGroupSetChildRelationToTerm"
"GET","/groups/{}/sites/{}/termstore/sets/{}/parentgroup/sets/{}/children/{}/relations/$count","Sites","Get-MgGroupSiteTermStoreSetParentGroupSetChildRelationCount","suppress","System.Object[]","/groups/{}/sites/{}/termstore/sets/{}/parentgroup/sets/{}/children/{}/children/{}/relations/$count","Get-MgGroupSiteTermStoreSetParentGroupSetChildRelationCount"
"GET","/groups/{}/sites/{}/termstore/sets/{}/parentgroup/sets/{}/children/{}/set","Sites","Get-MgGroupSiteTermStoreSetParentGroupSetChildSet","suppress","System.Object[]","/groups/{}/sites/{}/termstore/sets/{}/parentgroup/sets/{}/children/{}/children/{}/set","Get-MgGroupSiteTermStoreSetParentGroupSetChildSet"
"GET","/groups/{}/sites/{}/termstore/sets/{}/parentgroup/sets/{}/children/$count","Sites","Get-MgGroupSiteTermStoreSetParentGroupSetChildCount","suppress","System.Object[]","/groups/{}/sites/{}/termstore/sets/{}/parentgroup/sets/{}/children/{}/children/$count","Get-MgGroupSiteTermStoreSetParentGroupSetChildCount"
"GET","/groups/{}/sites/$count","Sites","Get-MgGroupSiteCount","keep","System.Object[]","/groups/{}/sites/{}/sites/$count","Get-MgGroupSubSiteCount"
"GET","/groupsettings","Groups","Get-MgGroupSetting","suppress","System.Object[]","/groups/{}/settings","Get-MgGroupSetting"
"GET","/groupsettings/{}","Groups","Get-MgGroupSetting","suppress","System.Object[]","/groups/{}/settings","Get-MgGroupSetting"
"GET","/groupsettings/$count","Groups","Get-MgGroupSettingCount","suppress","System.Object[]","/groups/{}/settings/$count","Get-MgGroupSettingCount"
"GET","/identitygovernance/catalogs/{}/resourceroles","Identity.Governance","Get-MgIdentityGovernanceCatalogResourceRole","suppress","System.Object[]","/identitygovernance/catalogs/{}/resourceroles/{};/identitygovernance/catalogs/{}/resources/{}/roles;/identitygovernance/catalogs/{}/resources/{}/roles/{}",""
"GET","/identitygovernance/catalogs/{}/resourceroles/{}","Identity.Governance","Get-MgIdentityGovernanceCatalogResourceRole","suppress","System.Object[]","/identitygovernance/catalogs/{}/resourceroles",""
"GET","/identitygovernance/catalogs/{}/resourceroles/{}/resource","Identity.Governance","Get-MgIdentityGovernanceCatalogResourceRoleResource","suppress","System.Object[]","/identitygovernance/catalogs/{}/resources/{}/roles/{}/resource",""
"GET","/identitygovernance/catalogs/{}/resourceroles/{}/resource/environment","Identity.Governance","Get-MgIdentityGovernanceCatalogResourceRoleResourceEnvironment","suppress","System.Object[]","/identitygovernance/catalogs/{}/resources/{}/roles/{}/resource/environment",""
"GET","/identitygovernance/catalogs/{}/resourceroles/{}/resource/externaloriginresourceconnector","Identity.Governance","Get-MgIdentityGovernanceCatalogResourceRoleResourceExternalOriginResourceConnector","suppress","System.Object[]","/identitygovernance/catalogs/{}/resources/{}/roles/{}/resource/externaloriginresourceconnector",""
"GET","/identitygovernance/catalogs/{}/resourceroles/{}/resource/scopes","Identity.Governance","Get-MgIdentityGovernanceCatalogResourceRoleResourceScope","suppress","System.Object[]","/identitygovernance/catalogs/{}/resourceroles/{}/resource/scopes/{};/identitygovernance/catalogs/{}/resources/{}/roles/{}/resource/scopes;/identitygovernance/catalogs/{}/resources/{}/roles/{}/resource/scopes/{}",""
"GET","/identitygovernance/catalogs/{}/resourceroles/{}/resource/scopes/{}","Identity.Governance","Get-MgIdentityGovernanceCatalogResourceRoleResourceScope","suppress","System.Object[]","/identitygovernance/catalogs/{}/resourceroles/{}/resource/scopes",""
"GET","/identitygovernance/catalogs/{}/resourceroles/{}/resource/scopes/{}/resource","Identity.Governance","Get-MgIdentityGovernanceCatalogResourceRoleResourceScopeResource","suppress","System.Object[]","/identitygovernance/catalogs/{}/resources/{}/roles/{}/resource/scopes/{}/resource",""
"GET","/identitygovernance/catalogs/{}/resourceroles/{}/resource/scopes/{}/resource/environment","Identity.Governance","Get-MgIdentityGovernanceCatalogResourceRoleResourceScopeResourceEnvironment","suppress","System.Object[]","/identitygovernance/catalogs/{}/resources/{}/roles/{}/resource/scopes/{}/resource/environment",""
"GET","/identitygovernance/catalogs/{}/resourceroles/{}/resource/scopes/{}/resource/externaloriginresourceconnector","Identity.Governance","Get-MgIdentityGovernanceCatalogResourceRoleResourceScopeResourceExternalOriginResourceConnector","suppress","System.Object[]","/identitygovernance/catalogs/{}/resources/{}/roles/{}/resource/scopes/{}/resource/externaloriginresourceconnector",""
"GET","/identitygovernance/catalogs/{}/resourceroles/{}/resource/scopes/{}/resource/uploadsessions","Identity.Governance","Get-MgIdentityGovernanceCatalogResourceRoleResourceScopeResourceUploadSession","suppress","System.Object[]","/identitygovernance/catalogs/{}/resourceroles/{}/resource/scopes/{}/resource/uploadsessions/{};/identitygovernance/catalogs/{}/resources/{}/roles/{}/resource/scopes/{}/resource/uploadsessions;/identitygovernance/catalogs/{}/resources/{}/roles/{}/resource/scopes/{}/resource/uploadsessions/{}",""
"GET","/identitygovernance/catalogs/{}/resourceroles/{}/resource/scopes/{}/resource/uploadsessions/{}","Identity.Governance","Get-MgIdentityGovernanceCatalogResourceRoleResourceScopeResourceUploadSession","suppress","System.Object[]","/identitygovernance/catalogs/{}/resourceroles/{}/resource/scopes/{}/resource/uploadsessions",""
"GET","/identitygovernance/catalogs/{}/resourceroles/{}/resource/scopes/{}/resource/uploadsessions/{}/files","Identity.Governance","Get-MgIdentityGovernanceCatalogResourceRoleResourceScopeResourceUploadSessionFile","suppress","System.Object[]","/identitygovernance/catalogs/{}/resourceroles/{}/resource/scopes/{}/resource/uploadsessions/{}/files/{};/identitygovernance/catalogs/{}/resources/{}/roles/{}/resource/scopes/{}/resource/uploadsessions/{}/files;/identitygovernance/catalogs/{}/resources/{}/roles/{}/resource/scopes/{}/resource/uploadsessions/{}/files/{}",""
"GET","/identitygovernance/catalogs/{}/resourceroles/{}/resource/scopes/{}/resource/uploadsessions/{}/files/{}","Identity.Governance","Get-MgIdentityGovernanceCatalogResourceRoleResourceScopeResourceUploadSessionFile","suppress","System.Object[]","/identitygovernance/catalogs/{}/resourceroles/{}/resource/scopes/{}/resource/uploadsessions/{}/files",""
"GET","/identitygovernance/catalogs/{}/resourceroles/{}/resource/scopes/{}/resource/uploadsessions/{}/files/{}/$value","Identity.Governance","Get-MgIdentityGovernanceCatalogResourceRoleResourceScopeResourceUploadSessionFileContent","suppress","System.Object[]","/identitygovernance/catalogs/{}/resources/{}/roles/{}/resource/scopes/{}/resource/uploadsessions/{}/files/{}/$value",""
"GET","/identitygovernance/catalogs/{}/resourceroles/{}/resource/scopes/{}/resource/uploadsessions/{}/files/$count","Identity.Governance","Get-MgIdentityGovernanceCatalogResourceRoleResourceScopeResourceUploadSessionFileCount","suppress","System.Object[]","/identitygovernance/catalogs/{}/resources/{}/roles/{}/resource/scopes/{}/resource/uploadsessions/{}/files/$count",""
"GET","/identitygovernance/catalogs/{}/resourceroles/{}/resource/scopes/{}/resource/uploadsessions/$count","Identity.Governance","Get-MgIdentityGovernanceCatalogResourceRoleResourceScopeResourceUploadSessionCount","suppress","System.Object[]","/identitygovernance/catalogs/{}/resources/{}/roles/{}/resource/scopes/{}/resource/uploadsessions/$count",""
"GET","/identitygovernance/catalogs/{}/resourceroles/{}/resource/scopes/$count","Identity.Governance","Get-MgIdentityGovernanceCatalogResourceRoleResourceScopeCount","suppress","System.Object[]","/identitygovernance/catalogs/{}/resources/{}/roles/{}/resource/scopes/$count",""
"GET","/identitygovernance/catalogs/{}/resourceroles/{}/resource/uploadsessions","Identity.Governance","Get-MgIdentityGovernanceCatalogResourceRoleResourceUploadSession","suppress","System.Object[]","/identitygovernance/catalogs/{}/resourceroles/{}/resource/uploadsessions/{};/identitygovernance/catalogs/{}/resources/{}/roles/{}/resource/uploadsessions;/identitygovernance/catalogs/{}/resources/{}/roles/{}/resource/uploadsessions/{}",""
"GET","/identitygovernance/catalogs/{}/resourceroles/{}/resource/uploadsessions/{}","Identity.Governance","Get-MgIdentityGovernanceCatalogResourceRoleResourceUploadSession","suppress","System.Object[]","/identitygovernance/catalogs/{}/resourceroles/{}/resource/uploadsessions",""
"GET","/identitygovernance/catalogs/{}/resourceroles/{}/resource/uploadsessions/{}/files","Identity.Governance","Get-MgIdentityGovernanceCatalogResourceRoleResourceUploadSessionFile","suppress","System.Object[]","/identitygovernance/catalogs/{}/resourceroles/{}/resource/uploadsessions/{}/files/{};/identitygovernance/catalogs/{}/resources/{}/roles/{}/resource/uploadsessions/{}/files;/identitygovernance/catalogs/{}/resources/{}/roles/{}/resource/uploadsessions/{}/files/{}",""
"GET","/identitygovernance/catalogs/{}/resourceroles/{}/resource/uploadsessions/{}/files/{}","Identity.Governance","Get-MgIdentityGovernanceCatalogResourceRoleResourceUploadSessionFile","suppress","System.Object[]","/identitygovernance/catalogs/{}/resourceroles/{}/resource/uploadsessions/{}/files",""
"GET","/identitygovernance/catalogs/{}/resourceroles/{}/resource/uploadsessions/{}/files/{}/$value","Identity.Governance","Get-MgIdentityGovernanceCatalogResourceRoleResourceUploadSessionFileContent","suppress","System.Object[]","/identitygovernance/catalogs/{}/resources/{}/roles/{}/resource/uploadsessions/{}/files/{}/$value",""
"GET","/identitygovernance/catalogs/{}/resourceroles/{}/resource/uploadsessions/{}/files/$count","Identity.Governance","Get-MgIdentityGovernanceCatalogResourceRoleResourceUploadSessionFileCount","suppress","System.Object[]","/identitygovernance/catalogs/{}/resources/{}/roles/{}/resource/uploadsessions/{}/files/$count",""
"GET","/identitygovernance/catalogs/{}/resourceroles/{}/resource/uploadsessions/$count","Identity.Governance","Get-MgIdentityGovernanceCatalogResourceRoleResourceUploadSessionCount","suppress","System.Object[]","/identitygovernance/catalogs/{}/resources/{}/roles/{}/resource/uploadsessions/$count",""
"GET","/identitygovernance/catalogs/{}/resourceroles/$count","Identity.Governance","Get-MgIdentityGovernanceCatalogResourceRoleCount","suppress","System.Object[]","/identitygovernance/catalogs/{}/resources/{}/roles/$count",""
"GET","/identitygovernance/catalogs/{}/resources/{}/roles","Identity.Governance","Get-MgIdentityGovernanceCatalogResourceRole","suppress","System.Object[]","/identitygovernance/catalogs/{}/resourceroles",""
"GET","/identitygovernance/catalogs/{}/resources/{}/roles/{}","Identity.Governance","Get-MgIdentityGovernanceCatalogResourceRole","suppress","System.Object[]","/identitygovernance/catalogs/{}/resourceroles",""
"GET","/identitygovernance/catalogs/{}/resources/{}/roles/{}/resource","Identity.Governance","Get-MgIdentityGovernanceCatalogResourceRoleResource","suppress","System.Object[]","/identitygovernance/catalogs/{}/resourceroles/{}/resource",""
"GET","/identitygovernance/catalogs/{}/resources/{}/roles/{}/resource/environment","Identity.Governance","Get-MgIdentityGovernanceCatalogResourceRoleResourceEnvironment","suppress","System.Object[]","/identitygovernance/catalogs/{}/resourceroles/{}/resource/environment",""
"GET","/identitygovernance/catalogs/{}/resources/{}/roles/{}/resource/externaloriginresourceconnector","Identity.Governance","Get-MgIdentityGovernanceCatalogResourceRoleResourceExternalOriginResourceConnector","suppress","System.Object[]","/identitygovernance/catalogs/{}/resourceroles/{}/resource/externaloriginresourceconnector",""
"GET","/identitygovernance/catalogs/{}/resources/{}/roles/{}/resource/scopes","Identity.Governance","Get-MgIdentityGovernanceCatalogResourceRoleResourceScope","suppress","System.Object[]","/identitygovernance/catalogs/{}/resourceroles/{}/resource/scopes",""
"GET","/identitygovernance/catalogs/{}/resources/{}/roles/{}/resource/scopes/{}","Identity.Governance","Get-MgIdentityGovernanceCatalogResourceRoleResourceScope","suppress","System.Object[]","/identitygovernance/catalogs/{}/resourceroles/{}/resource/scopes",""
"GET","/identitygovernance/catalogs/{}/resources/{}/roles/{}/resource/scopes/{}/resource","Identity.Governance","Get-MgIdentityGovernanceCatalogResourceRoleResourceScopeResource","suppress","System.Object[]","/identitygovernance/catalogs/{}/resourceroles/{}/resource/scopes/{}/resource",""
"GET","/identitygovernance/catalogs/{}/resources/{}/roles/{}/resource/scopes/{}/resource/environment","Identity.Governance","Get-MgIdentityGovernanceCatalogResourceRoleResourceScopeResourceEnvironment","suppress","System.Object[]","/identitygovernance/catalogs/{}/resourceroles/{}/resource/scopes/{}/resource/environment",""
"GET","/identitygovernance/catalogs/{}/resources/{}/roles/{}/resource/scopes/{}/resource/externaloriginresourceconnector","Identity.Governance","Get-MgIdentityGovernanceCatalogResourceRoleResourceScopeResourceExternalOriginResourceConnector","suppress","System.Object[]","/identitygovernance/catalogs/{}/resourceroles/{}/resource/scopes/{}/resource/externaloriginresourceconnector",""
"GET","/identitygovernance/catalogs/{}/resources/{}/roles/{}/resource/scopes/{}/resource/uploadsessions","Identity.Governance","Get-MgIdentityGovernanceCatalogResourceRoleResourceScopeResourceUploadSession","suppress","System.Object[]","/identitygovernance/catalogs/{}/resourceroles/{}/resource/scopes/{}/resource/uploadsessions",""
"GET","/identitygovernance/catalogs/{}/resources/{}/roles/{}/resource/scopes/{}/resource/uploadsessions/{}","Identity.Governance","Get-MgIdentityGovernanceCatalogResourceRoleResourceScopeResourceUploadSession","suppress","System.Object[]","/identitygovernance/catalogs/{}/resourceroles/{}/resource/scopes/{}/resource/uploadsessions",""
"GET","/identitygovernance/catalogs/{}/resources/{}/roles/{}/resource/scopes/{}/resource/uploadsessions/{}/files","Identity.Governance","Get-MgIdentityGovernanceCatalogResourceRoleResourceScopeResourceUploadSessionFile","suppress","System.Object[]","/identitygovernance/catalogs/{}/resourceroles/{}/resource/scopes/{}/resource/uploadsessions/{}/files",""
"GET","/identitygovernance/catalogs/{}/resources/{}/roles/{}/resource/scopes/{}/resource/uploadsessions/{}/files/{}","Identity.Governance","Get-MgIdentityGovernanceCatalogResourceRoleResourceScopeResourceUploadSessionFile","suppress","System.Object[]","/identitygovernance/catalogs/{}/resourceroles/{}/resource/scopes/{}/resource/uploadsessions/{}/files",""
"GET","/identitygovernance/catalogs/{}/resources/{}/roles/{}/resource/scopes/{}/resource/uploadsessions/{}/files/{}/$value","Identity.Governance","Get-MgIdentityGovernanceCatalogResourceRoleResourceScopeResourceUploadSessionFileContent","suppress","System.Object[]","/identitygovernance/catalogs/{}/resourceroles/{}/resource/scopes/{}/resource/uploadsessions/{}/files/{}/$value",""
"GET","/identitygovernance/catalogs/{}/resources/{}/roles/{}/resource/scopes/{}/resource/uploadsessions/{}/files/$count","Identity.Governance","Get-MgIdentityGovernanceCatalogResourceRoleResourceScopeResourceUploadSessionFileCount","suppress","System.Object[]","/identitygovernance/catalogs/{}/resourceroles/{}/resource/scopes/{}/resource/uploadsessions/{}/files/$count",""
"GET","/identitygovernance/catalogs/{}/resources/{}/roles/{}/resource/scopes/{}/resource/uploadsessions/$count","Identity.Governance","Get-MgIdentityGovernanceCatalogResourceRoleResourceScopeResourceUploadSessionCount","suppress","System.Object[]","/identitygovernance/catalogs/{}/resourceroles/{}/resource/scopes/{}/resource/uploadsessions/$count",""
"GET","/identitygovernance/catalogs/{}/resources/{}/roles/{}/resource/scopes/$count","Identity.Governance","Get-MgIdentityGovernanceCatalogResourceRoleResourceScopeCount","suppress","System.Object[]","/identitygovernance/catalogs/{}/resourceroles/{}/resource/scopes/$count",""
"GET","/identitygovernance/catalogs/{}/resources/{}/roles/{}/resource/uploadsessions","Identity.Governance","Get-MgIdentityGovernanceCatalogResourceRoleResourceUploadSession","suppress","System.Object[]","/identitygovernance/catalogs/{}/resourceroles/{}/resource/uploadsessions",""
"GET","/identitygovernance/catalogs/{}/resources/{}/roles/{}/resource/uploadsessions/{}","Identity.Governance","Get-MgIdentityGovernanceCatalogResourceRoleResourceUploadSession","suppress","System.Object[]","/identitygovernance/catalogs/{}/resourceroles/{}/resource/uploadsessions",""
"GET","/identitygovernance/catalogs/{}/resources/{}/roles/{}/resource/uploadsessions/{}/files","Identity.Governance","Get-MgIdentityGovernanceCatalogResourceRoleResourceUploadSessionFile","suppress","System.Object[]","/identitygovernance/catalogs/{}/resourceroles/{}/resource/uploadsessions/{}/files",""
"GET","/identitygovernance/catalogs/{}/resources/{}/roles/{}/resource/uploadsessions/{}/files/{}","Identity.Governance","Get-MgIdentityGovernanceCatalogResourceRoleResourceUploadSessionFile","suppress","System.Object[]","/identitygovernance/catalogs/{}/resourceroles/{}/resource/uploadsessions/{}/files",""
"GET","/identitygovernance/catalogs/{}/resources/{}/roles/{}/resource/uploadsessions/{}/files/{}/$value","Identity.Governance","Get-MgIdentityGovernanceCatalogResourceRoleResourceUploadSessionFileContent","suppress","System.Object[]","/identitygovernance/catalogs/{}/resourceroles/{}/resource/uploadsessions/{}/files/{}/$value",""
"GET","/identitygovernance/catalogs/{}/resources/{}/roles/{}/resource/uploadsessions/{}/files/$count","Identity.Governance","Get-MgIdentityGovernanceCatalogResourceRoleResourceUploadSessionFileCount","suppress","System.Object[]","/identitygovernance/catalogs/{}/resourceroles/{}/resource/uploadsessions/{}/files/$count",""
"GET","/identitygovernance/catalogs/{}/resources/{}/roles/{}/resource/uploadsessions/$count","Identity.Governance","Get-MgIdentityGovernanceCatalogResourceRoleResourceUploadSessionCount","suppress","System.Object[]","/identitygovernance/catalogs/{}/resourceroles/{}/resource/uploadsessions/$count",""
"GET","/identitygovernance/catalogs/{}/resources/{}/roles/$count","Identity.Governance","Get-MgIdentityGovernanceCatalogResourceRoleCount","suppress","System.Object[]","/identitygovernance/catalogs/{}/resourceroles/$count",""
"GET","/identitygovernance/catalogs/{}/resources/{}/scopes","Identity.Governance","Get-MgIdentityGovernanceCatalogResourceScope","suppress","System.Object[]","/identitygovernance/catalogs/{}/resources/{}/scopes/{};/identitygovernance/catalogs/{}/resourcescopes;/identitygovernance/catalogs/{}/resourcescopes/{}",""
"GET","/identitygovernance/catalogs/{}/resources/{}/scopes/{}","Identity.Governance","Get-MgIdentityGovernanceCatalogResourceScope","suppress","System.Object[]","/identitygovernance/catalogs/{}/resources/{}/scopes",""
"GET","/identitygovernance/catalogs/{}/resources/{}/scopes/{}/resource","Identity.Governance","Get-MgIdentityGovernanceCatalogResourceScopeResource","suppress","System.Object[]","/identitygovernance/catalogs/{}/resourcescopes/{}/resource",""
"GET","/identitygovernance/catalogs/{}/resources/{}/scopes/{}/resource/environment","Identity.Governance","Get-MgIdentityGovernanceCatalogResourceScopeResourceEnvironment","suppress","System.Object[]","/identitygovernance/catalogs/{}/resourcescopes/{}/resource/environment",""
"GET","/identitygovernance/catalogs/{}/resources/{}/scopes/{}/resource/externaloriginresourceconnector","Identity.Governance","Get-MgIdentityGovernanceCatalogResourceScopeResourceExternalOriginResourceConnector","suppress","System.Object[]","/identitygovernance/catalogs/{}/resourcescopes/{}/resource/externaloriginresourceconnector",""
"GET","/identitygovernance/catalogs/{}/resources/{}/scopes/{}/resource/roles","Identity.Governance","Get-MgIdentityGovernanceCatalogResourceScopeResourceRole","suppress","System.Object[]","/identitygovernance/catalogs/{}/resources/{}/scopes/{}/resource/roles/{};/identitygovernance/catalogs/{}/resourcescopes/{}/resource/roles;/identitygovernance/catalogs/{}/resourcescopes/{}/resource/roles/{}",""
"GET","/identitygovernance/catalogs/{}/resources/{}/scopes/{}/resource/roles/{}","Identity.Governance","Get-MgIdentityGovernanceCatalogResourceScopeResourceRole","suppress","System.Object[]","/identitygovernance/catalogs/{}/resources/{}/scopes/{}/resource/roles",""
"GET","/identitygovernance/catalogs/{}/resources/{}/scopes/{}/resource/roles/{}/resource","Identity.Governance","Get-MgIdentityGovernanceCatalogResourceScopeResourceRoleResource","suppress","System.Object[]","/identitygovernance/catalogs/{}/resourcescopes/{}/resource/roles/{}/resource",""
"GET","/identitygovernance/catalogs/{}/resources/{}/scopes/{}/resource/roles/{}/resource/environment","Identity.Governance","Get-MgIdentityGovernanceCatalogResourceScopeResourceRoleResourceEnvironment","suppress","System.Object[]","/identitygovernance/catalogs/{}/resourcescopes/{}/resource/roles/{}/resource/environment",""
"GET","/identitygovernance/catalogs/{}/resources/{}/scopes/{}/resource/roles/{}/resource/externaloriginresourceconnector","Identity.Governance","Get-MgIdentityGovernanceCatalogResourceScopeResourceRoleResourceExternalOriginResourceConnector","suppress","System.Object[]","/identitygovernance/catalogs/{}/resourcescopes/{}/resource/roles/{}/resource/externaloriginresourceconnector",""
"GET","/identitygovernance/catalogs/{}/resources/{}/scopes/{}/resource/roles/{}/resource/uploadsessions","Identity.Governance","Get-MgIdentityGovernanceCatalogResourceScopeResourceRoleResourceUploadSession","suppress","System.Object[]","/identitygovernance/catalogs/{}/resources/{}/scopes/{}/resource/roles/{}/resource/uploadsessions/{};/identitygovernance/catalogs/{}/resourcescopes/{}/resource/roles/{}/resource/uploadsessions;/identitygovernance/catalogs/{}/resourcescopes/{}/resource/roles/{}/resource/uploadsessions/{}",""
"GET","/identitygovernance/catalogs/{}/resources/{}/scopes/{}/resource/roles/{}/resource/uploadsessions/{}","Identity.Governance","Get-MgIdentityGovernanceCatalogResourceScopeResourceRoleResourceUploadSession","suppress","System.Object[]","/identitygovernance/catalogs/{}/resources/{}/scopes/{}/resource/roles/{}/resource/uploadsessions",""
"GET","/identitygovernance/catalogs/{}/resources/{}/scopes/{}/resource/roles/{}/resource/uploadsessions/{}/files","Identity.Governance","Get-MgIdentityGovernanceCatalogResourceScopeResourceRoleResourceUploadSessionFile","suppress","System.Object[]","/identitygovernance/catalogs/{}/resources/{}/scopes/{}/resource/roles/{}/resource/uploadsessions/{}/files/{};/identitygovernance/catalogs/{}/resourcescopes/{}/resource/roles/{}/resource/uploadsessions/{}/files;/identitygovernance/catalogs/{}/resourcescopes/{}/resource/roles/{}/resource/uploadsessions/{}/files/{}",""
"GET","/identitygovernance/catalogs/{}/resources/{}/scopes/{}/resource/roles/{}/resource/uploadsessions/{}/files/{}","Identity.Governance","Get-MgIdentityGovernanceCatalogResourceScopeResourceRoleResourceUploadSessionFile","suppress","System.Object[]","/identitygovernance/catalogs/{}/resources/{}/scopes/{}/resource/roles/{}/resource/uploadsessions/{}/files",""
"GET","/identitygovernance/catalogs/{}/resources/{}/scopes/{}/resource/roles/{}/resource/uploadsessions/{}/files/{}/$value","Identity.Governance","Get-MgIdentityGovernanceCatalogResourceScopeResourceRoleResourceUploadSessionFileContent","suppress","System.Object[]","/identitygovernance/catalogs/{}/resourcescopes/{}/resource/roles/{}/resource/uploadsessions/{}/files/{}/$value",""
"GET","/identitygovernance/catalogs/{}/resources/{}/scopes/{}/resource/roles/{}/resource/uploadsessions/{}/files/$count","Identity.Governance","Get-MgIdentityGovernanceCatalogResourceScopeResourceRoleResourceUploadSessionFileCount","suppress","System.Object[]","/identitygovernance/catalogs/{}/resourcescopes/{}/resource/roles/{}/resource/uploadsessions/{}/files/$count",""
"GET","/identitygovernance/catalogs/{}/resources/{}/scopes/{}/resource/roles/{}/resource/uploadsessions/$count","Identity.Governance","Get-MgIdentityGovernanceCatalogResourceScopeResourceRoleResourceUploadSessionCount","suppress","System.Object[]","/identitygovernance/catalogs/{}/resourcescopes/{}/resource/roles/{}/resource/uploadsessions/$count",""
"GET","/identitygovernance/catalogs/{}/resources/{}/scopes/{}/resource/roles/$count","Identity.Governance","Get-MgIdentityGovernanceCatalogResourceScopeResourceRoleCount","suppress","System.Object[]","/identitygovernance/catalogs/{}/resourcescopes/{}/resource/roles/$count",""
"GET","/identitygovernance/catalogs/{}/resources/{}/scopes/{}/resource/uploadsessions","Identity.Governance","Get-MgIdentityGovernanceCatalogResourceScopeResourceUploadSession","suppress","System.Object[]","/identitygovernance/catalogs/{}/resources/{}/scopes/{}/resource/uploadsessions/{};/identitygovernance/catalogs/{}/resourcescopes/{}/resource/uploadsessions;/identitygovernance/catalogs/{}/resourcescopes/{}/resource/uploadsessions/{}",""
"GET","/identitygovernance/catalogs/{}/resources/{}/scopes/{}/resource/uploadsessions/{}","Identity.Governance","Get-MgIdentityGovernanceCatalogResourceScopeResourceUploadSession","suppress","System.Object[]","/identitygovernance/catalogs/{}/resources/{}/scopes/{}/resource/uploadsessions",""
"GET","/identitygovernance/catalogs/{}/resources/{}/scopes/{}/resource/uploadsessions/{}/files","Identity.Governance","Get-MgIdentityGovernanceCatalogResourceScopeResourceUploadSessionFile","suppress","System.Object[]","/identitygovernance/catalogs/{}/resources/{}/scopes/{}/resource/uploadsessions/{}/files/{};/identitygovernance/catalogs/{}/resourcescopes/{}/resource/uploadsessions/{}/files;/identitygovernance/catalogs/{}/resourcescopes/{}/resource/uploadsessions/{}/files/{}",""
"GET","/identitygovernance/catalogs/{}/resources/{}/scopes/{}/resource/uploadsessions/{}/files/{}","Identity.Governance","Get-MgIdentityGovernanceCatalogResourceScopeResourceUploadSessionFile","suppress","System.Object[]","/identitygovernance/catalogs/{}/resources/{}/scopes/{}/resource/uploadsessions/{}/files",""
"GET","/identitygovernance/catalogs/{}/resources/{}/scopes/{}/resource/uploadsessions/{}/files/{}/$value","Identity.Governance","Get-MgIdentityGovernanceCatalogResourceScopeResourceUploadSessionFileContent","suppress","System.Object[]","/identitygovernance/catalogs/{}/resourcescopes/{}/resource/uploadsessions/{}/files/{}/$value",""
"GET","/identitygovernance/catalogs/{}/resources/{}/scopes/{}/resource/uploadsessions/{}/files/$count","Identity.Governance","Get-MgIdentityGovernanceCatalogResourceScopeResourceUploadSessionFileCount","suppress","System.Object[]","/identitygovernance/catalogs/{}/resourcescopes/{}/resource/uploadsessions/{}/files/$count",""
"GET","/identitygovernance/catalogs/{}/resources/{}/scopes/{}/resource/uploadsessions/$count","Identity.Governance","Get-MgIdentityGovernanceCatalogResourceScopeResourceUploadSessionCount","suppress","System.Object[]","/identitygovernance/catalogs/{}/resourcescopes/{}/resource/uploadsessions/$count",""
"GET","/identitygovernance/catalogs/{}/resources/{}/scopes/$count","Identity.Governance","Get-MgIdentityGovernanceCatalogResourceScopeCount","suppress","System.Object[]","/identitygovernance/catalogs/{}/resourcescopes/$count",""
"GET","/identitygovernance/catalogs/{}/resourcescopes","Identity.Governance","Get-MgIdentityGovernanceCatalogResourceScope","suppress","System.Object[]","/identitygovernance/catalogs/{}/resources/{}/scopes",""
"GET","/identitygovernance/catalogs/{}/resourcescopes/{}","Identity.Governance","Get-MgIdentityGovernanceCatalogResourceScope","suppress","System.Object[]","/identitygovernance/catalogs/{}/resources/{}/scopes",""
"GET","/identitygovernance/catalogs/{}/resourcescopes/{}/resource","Identity.Governance","Get-MgIdentityGovernanceCatalogResourceScopeResource","suppress","System.Object[]","/identitygovernance/catalogs/{}/resources/{}/scopes/{}/resource",""
"GET","/identitygovernance/catalogs/{}/resourcescopes/{}/resource/environment","Identity.Governance","Get-MgIdentityGovernanceCatalogResourceScopeResourceEnvironment","suppress","System.Object[]","/identitygovernance/catalogs/{}/resources/{}/scopes/{}/resource/environment",""
"GET","/identitygovernance/catalogs/{}/resourcescopes/{}/resource/externaloriginresourceconnector","Identity.Governance","Get-MgIdentityGovernanceCatalogResourceScopeResourceExternalOriginResourceConnector","suppress","System.Object[]","/identitygovernance/catalogs/{}/resources/{}/scopes/{}/resource/externaloriginresourceconnector",""
"GET","/identitygovernance/catalogs/{}/resourcescopes/{}/resource/roles","Identity.Governance","Get-MgIdentityGovernanceCatalogResourceScopeResourceRole","suppress","System.Object[]","/identitygovernance/catalogs/{}/resources/{}/scopes/{}/resource/roles",""
"GET","/identitygovernance/catalogs/{}/resourcescopes/{}/resource/roles/{}","Identity.Governance","Get-MgIdentityGovernanceCatalogResourceScopeResourceRole","suppress","System.Object[]","/identitygovernance/catalogs/{}/resources/{}/scopes/{}/resource/roles",""
"GET","/identitygovernance/catalogs/{}/resourcescopes/{}/resource/roles/{}/resource","Identity.Governance","Get-MgIdentityGovernanceCatalogResourceScopeResourceRoleResource","suppress","System.Object[]","/identitygovernance/catalogs/{}/resources/{}/scopes/{}/resource/roles/{}/resource",""
"GET","/identitygovernance/catalogs/{}/resourcescopes/{}/resource/roles/{}/resource/environment","Identity.Governance","Get-MgIdentityGovernanceCatalogResourceScopeResourceRoleResourceEnvironment","suppress","System.Object[]","/identitygovernance/catalogs/{}/resources/{}/scopes/{}/resource/roles/{}/resource/environment",""
"GET","/identitygovernance/catalogs/{}/resourcescopes/{}/resource/roles/{}/resource/externaloriginresourceconnector","Identity.Governance","Get-MgIdentityGovernanceCatalogResourceScopeResourceRoleResourceExternalOriginResourceConnector","suppress","System.Object[]","/identitygovernance/catalogs/{}/resources/{}/scopes/{}/resource/roles/{}/resource/externaloriginresourceconnector",""
"GET","/identitygovernance/catalogs/{}/resourcescopes/{}/resource/roles/{}/resource/uploadsessions","Identity.Governance","Get-MgIdentityGovernanceCatalogResourceScopeResourceRoleResourceUploadSession","suppress","System.Object[]","/identitygovernance/catalogs/{}/resources/{}/scopes/{}/resource/roles/{}/resource/uploadsessions",""
"GET","/identitygovernance/catalogs/{}/resourcescopes/{}/resource/roles/{}/resource/uploadsessions/{}","Identity.Governance","Get-MgIdentityGovernanceCatalogResourceScopeResourceRoleResourceUploadSession","suppress","System.Object[]","/identitygovernance/catalogs/{}/resources/{}/scopes/{}/resource/roles/{}/resource/uploadsessions",""
"GET","/identitygovernance/catalogs/{}/resourcescopes/{}/resource/roles/{}/resource/uploadsessions/{}/files","Identity.Governance","Get-MgIdentityGovernanceCatalogResourceScopeResourceRoleResourceUploadSessionFile","suppress","System.Object[]","/identitygovernance/catalogs/{}/resources/{}/scopes/{}/resource/roles/{}/resource/uploadsessions/{}/files",""
"GET","/identitygovernance/catalogs/{}/resourcescopes/{}/resource/roles/{}/resource/uploadsessions/{}/files/{}","Identity.Governance","Get-MgIdentityGovernanceCatalogResourceScopeResourceRoleResourceUploadSessionFile","suppress","System.Object[]","/identitygovernance/catalogs/{}/resources/{}/scopes/{}/resource/roles/{}/resource/uploadsessions/{}/files",""
"GET","/identitygovernance/catalogs/{}/resourcescopes/{}/resource/roles/{}/resource/uploadsessions/{}/files/{}/$value","Identity.Governance","Get-MgIdentityGovernanceCatalogResourceScopeResourceRoleResourceUploadSessionFileContent","suppress","System.Object[]","/identitygovernance/catalogs/{}/resources/{}/scopes/{}/resource/roles/{}/resource/uploadsessions/{}/files/{}/$value",""
"GET","/identitygovernance/catalogs/{}/resourcescopes/{}/resource/roles/{}/resource/uploadsessions/{}/files/$count","Identity.Governance","Get-MgIdentityGovernanceCatalogResourceScopeResourceRoleResourceUploadSessionFileCount","suppress","System.Object[]","/identitygovernance/catalogs/{}/resources/{}/scopes/{}/resource/roles/{}/resource/uploadsessions/{}/files/$count",""
"GET","/identitygovernance/catalogs/{}/resourcescopes/{}/resource/roles/{}/resource/uploadsessions/$count","Identity.Governance","Get-MgIdentityGovernanceCatalogResourceScopeResourceRoleResourceUploadSessionCount","suppress","System.Object[]","/identitygovernance/catalogs/{}/resources/{}/scopes/{}/resource/roles/{}/resource/uploadsessions/$count",""
"GET","/identitygovernance/catalogs/{}/resourcescopes/{}/resource/roles/$count","Identity.Governance","Get-MgIdentityGovernanceCatalogResourceScopeResourceRoleCount","suppress","System.Object[]","/identitygovernance/catalogs/{}/resources/{}/scopes/{}/resource/roles/$count",""
"GET","/identitygovernance/catalogs/{}/resourcescopes/{}/resource/uploadsessions","Identity.Governance","Get-MgIdentityGovernanceCatalogResourceScopeResourceUploadSession","suppress","System.Object[]","/identitygovernance/catalogs/{}/resources/{}/scopes/{}/resource/uploadsessions",""
"GET","/identitygovernance/catalogs/{}/resourcescopes/{}/resource/uploadsessions/{}","Identity.Governance","Get-MgIdentityGovernanceCatalogResourceScopeResourceUploadSession","suppress","System.Object[]","/identitygovernance/catalogs/{}/resources/{}/scopes/{}/resource/uploadsessions",""
"GET","/identitygovernance/catalogs/{}/resourcescopes/{}/resource/uploadsessions/{}/files","Identity.Governance","Get-MgIdentityGovernanceCatalogResourceScopeResourceUploadSessionFile","suppress","System.Object[]","/identitygovernance/catalogs/{}/resources/{}/scopes/{}/resource/uploadsessions/{}/files",""
"GET","/identitygovernance/catalogs/{}/resourcescopes/{}/resource/uploadsessions/{}/files/{}","Identity.Governance","Get-MgIdentityGovernanceCatalogResourceScopeResourceUploadSessionFile","suppress","System.Object[]","/identitygovernance/catalogs/{}/resources/{}/scopes/{}/resource/uploadsessions/{}/files",""
"GET","/identitygovernance/catalogs/{}/resourcescopes/{}/resource/uploadsessions/{}/files/{}/$value","Identity.Governance","Get-MgIdentityGovernanceCatalogResourceScopeResourceUploadSessionFileContent","suppress","System.Object[]","/identitygovernance/catalogs/{}/resources/{}/scopes/{}/resource/uploadsessions/{}/files/{}/$value",""
"GET","/identitygovernance/catalogs/{}/resourcescopes/{}/resource/uploadsessions/{}/files/$count","Identity.Governance","Get-MgIdentityGovernanceCatalogResourceScopeResourceUploadSessionFileCount","suppress","System.Object[]","/identitygovernance/catalogs/{}/resources/{}/scopes/{}/resource/uploadsessions/{}/files/$count",""
"GET","/identitygovernance/catalogs/{}/resourcescopes/{}/resource/uploadsessions/$count","Identity.Governance","Get-MgIdentityGovernanceCatalogResourceScopeResourceUploadSessionCount","suppress","System.Object[]","/identitygovernance/catalogs/{}/resources/{}/scopes/{}/resource/uploadsessions/$count",""
"GET","/identitygovernance/catalogs/{}/resourcescopes/$count","Identity.Governance","Get-MgIdentityGovernanceCatalogResourceScopeCount","suppress","System.Object[]","/identitygovernance/catalogs/{}/resources/{}/scopes/$count",""
"GET","/identitygovernance/entitlementmanagement/catalogs/{}/resourceroles","Identity.Governance","Get-MgIdentityGovernanceEntitlementManagementCatalogResourceRole","rename","System.Object[]","/identitygovernance/entitlementmanagement/catalogs/{}/resourceroles/{};/identitygovernance/entitlementmanagement/catalogs/{}/resources/{}/roles;/identitygovernance/entitlementmanagement/catalogs/{}/resources/{}/roles/{}","Get-MgEntitlementManagementCatalogResourceRole"
"GET","/identitygovernance/entitlementmanagement/catalogs/{}/resourceroles/{}","Identity.Governance","Get-MgIdentityGovernanceEntitlementManagementCatalogResourceRole","rename","System.Object[]","/identitygovernance/entitlementmanagement/catalogs/{}/resourceroles","Get-MgEntitlementManagementCatalogResourceRole"
"GET","/identitygovernance/entitlementmanagement/catalogs/{}/resourceroles/{}/resource","Identity.Governance","Get-MgIdentityGovernanceEntitlementManagementCatalogResourceRoleResource","rename","System.Object[]","/identitygovernance/entitlementmanagement/catalogs/{}/resources/{}/roles/{}/resource",""
"GET","/identitygovernance/entitlementmanagement/catalogs/{}/resourceroles/{}/resource/environment","Identity.Governance","Get-MgIdentityGovernanceEntitlementManagementCatalogResourceRoleResourceEnvironment","rename","System.Object[]","/identitygovernance/entitlementmanagement/catalogs/{}/resources/{}/roles/{}/resource/environment",""
"GET","/identitygovernance/entitlementmanagement/catalogs/{}/resourceroles/{}/resource/externaloriginresourceconnector","Identity.Governance","Get-MgIdentityGovernanceEntitlementManagementCatalogResourceRoleResourceExternalOriginResourceConnector","suppress","System.Object[]","/identitygovernance/entitlementmanagement/catalogs/{}/resources/{}/roles/{}/resource/externaloriginresourceconnector",""
"GET","/identitygovernance/entitlementmanagement/catalogs/{}/resourceroles/{}/resource/scopes","Identity.Governance","Get-MgIdentityGovernanceEntitlementManagementCatalogResourceRoleResourceScope","rename","System.Object[]","/identitygovernance/entitlementmanagement/catalogs/{}/resourceroles/{}/resource/scopes/{};/identitygovernance/entitlementmanagement/catalogs/{}/resources/{}/roles/{}/resource/scopes;/identitygovernance/entitlementmanagement/catalogs/{}/resources/{}/roles/{}/resource/scopes/{}","Get-MgEntitlementManagementCatalogResourceRoleResourceScope"
"GET","/identitygovernance/entitlementmanagement/catalogs/{}/resourceroles/{}/resource/scopes/{}","Identity.Governance","Get-MgIdentityGovernanceEntitlementManagementCatalogResourceRoleResourceScope","rename","System.Object[]","/identitygovernance/entitlementmanagement/catalogs/{}/resourceroles/{}/resource/scopes","Get-MgEntitlementManagementCatalogResourceRoleResourceScope"
"GET","/identitygovernance/entitlementmanagement/catalogs/{}/resourceroles/{}/resource/scopes/{}/resource","Identity.Governance","Get-MgIdentityGovernanceEntitlementManagementCatalogResourceRoleResourceScopeResource","rename","System.Object[]","/identitygovernance/entitlementmanagement/catalogs/{}/resources/{}/roles/{}/resource/scopes/{}/resource",""
"GET","/identitygovernance/entitlementmanagement/catalogs/{}/resourceroles/{}/resource/scopes/{}/resource/environment","Identity.Governance","Get-MgIdentityGovernanceEntitlementManagementCatalogResourceRoleResourceScopeResourceEnvironment","rename","System.Object[]","/identitygovernance/entitlementmanagement/catalogs/{}/resources/{}/roles/{}/resource/scopes/{}/resource/environment",""
"GET","/identitygovernance/entitlementmanagement/catalogs/{}/resourceroles/{}/resource/scopes/{}/resource/externaloriginresourceconnector","Identity.Governance","Get-MgIdentityGovernanceEntitlementManagementCatalogResourceRoleResourceScopeResourceExternalOriginResourceConnector","suppress","System.Object[]","/identitygovernance/entitlementmanagement/catalogs/{}/resources/{}/roles/{}/resource/scopes/{}/resource/externaloriginresourceconnector",""
"GET","/identitygovernance/entitlementmanagement/catalogs/{}/resourceroles/{}/resource/scopes/{}/resource/uploadsessions","Identity.Governance","Get-MgIdentityGovernanceEntitlementManagementCatalogResourceRoleResourceScopeResourceUploadSession","suppress","System.Object[]","/identitygovernance/entitlementmanagement/catalogs/{}/resourceroles/{}/resource/scopes/{}/resource/uploadsessions/{};/identitygovernance/entitlementmanagement/catalogs/{}/resources/{}/roles/{}/resource/scopes/{}/resource/uploadsessions;/identitygovernance/entitlementmanagement/catalogs/{}/resources/{}/roles/{}/resource/scopes/{}/resource/uploadsessions/{}",""
"GET","/identitygovernance/entitlementmanagement/catalogs/{}/resourceroles/{}/resource/scopes/{}/resource/uploadsessions/{}","Identity.Governance","Get-MgIdentityGovernanceEntitlementManagementCatalogResourceRoleResourceScopeResourceUploadSession","suppress","System.Object[]","/identitygovernance/entitlementmanagement/catalogs/{}/resourceroles/{}/resource/scopes/{}/resource/uploadsessions",""
"GET","/identitygovernance/entitlementmanagement/catalogs/{}/resourceroles/{}/resource/scopes/{}/resource/uploadsessions/{}/files","Identity.Governance","Get-MgIdentityGovernanceEntitlementManagementCatalogResourceRoleResourceScopeResourceUploadSessionFile","suppress","System.Object[]","/identitygovernance/entitlementmanagement/catalogs/{}/resourceroles/{}/resource/scopes/{}/resource/uploadsessions/{}/files/{};/identitygovernance/entitlementmanagement/catalogs/{}/resources/{}/roles/{}/resource/scopes/{}/resource/uploadsessions/{}/files;/identitygovernance/entitlementmanagement/catalogs/{}/resources/{}/roles/{}/resource/scopes/{}/resource/uploadsessions/{}/files/{}",""
"GET","/identitygovernance/entitlementmanagement/catalogs/{}/resourceroles/{}/resource/scopes/{}/resource/uploadsessions/{}/files/{}","Identity.Governance","Get-MgIdentityGovernanceEntitlementManagementCatalogResourceRoleResourceScopeResourceUploadSessionFile","suppress","System.Object[]","/identitygovernance/entitlementmanagement/catalogs/{}/resourceroles/{}/resource/scopes/{}/resource/uploadsessions/{}/files",""
"GET","/identitygovernance/entitlementmanagement/catalogs/{}/resourceroles/{}/resource/scopes/{}/resource/uploadsessions/{}/files/{}/$value","Identity.Governance","Get-MgIdentityGovernanceEntitlementManagementCatalogResourceRoleResourceScopeResourceUploadSessionFileContent","suppress","System.Object[]","/identitygovernance/entitlementmanagement/catalogs/{}/resources/{}/roles/{}/resource/scopes/{}/resource/uploadsessions/{}/files/{}/$value",""
"GET","/identitygovernance/entitlementmanagement/catalogs/{}/resourceroles/{}/resource/scopes/{}/resource/uploadsessions/{}/files/$count","Identity.Governance","Get-MgIdentityGovernanceEntitlementManagementCatalogResourceRoleResourceScopeResourceUploadSessionFileCount","suppress","System.Object[]","/identitygovernance/entitlementmanagement/catalogs/{}/resources/{}/roles/{}/resource/scopes/{}/resource/uploadsessions/{}/files/$count",""
"GET","/identitygovernance/entitlementmanagement/catalogs/{}/resourceroles/{}/resource/scopes/{}/resource/uploadsessions/$count","Identity.Governance","Get-MgIdentityGovernanceEntitlementManagementCatalogResourceRoleResourceScopeResourceUploadSessionCount","suppress","System.Object[]","/identitygovernance/entitlementmanagement/catalogs/{}/resources/{}/roles/{}/resource/scopes/{}/resource/uploadsessions/$count",""
"GET","/identitygovernance/entitlementmanagement/catalogs/{}/resourceroles/{}/resource/scopes/$count","Identity.Governance","Get-MgIdentityGovernanceEntitlementManagementCatalogResourceRoleResourceScopeCount","rename","System.Object[]","/identitygovernance/entitlementmanagement/catalogs/{}/resources/{}/roles/{}/resource/scopes/$count",""
"GET","/identitygovernance/entitlementmanagement/catalogs/{}/resourceroles/{}/resource/uploadsessions","Identity.Governance","Get-MgIdentityGovernanceEntitlementManagementCatalogResourceRoleResourceUploadSession","suppress","System.Object[]","/identitygovernance/entitlementmanagement/catalogs/{}/resourceroles/{}/resource/uploadsessions/{};/identitygovernance/entitlementmanagement/catalogs/{}/resources/{}/roles/{}/resource/uploadsessions;/identitygovernance/entitlementmanagement/catalogs/{}/resources/{}/roles/{}/resource/uploadsessions/{}",""
"GET","/identitygovernance/entitlementmanagement/catalogs/{}/resourceroles/{}/resource/uploadsessions/{}","Identity.Governance","Get-MgIdentityGovernanceEntitlementManagementCatalogResourceRoleResourceUploadSession","suppress","System.Object[]","/identitygovernance/entitlementmanagement/catalogs/{}/resourceroles/{}/resource/uploadsessions",""
"GET","/identitygovernance/entitlementmanagement/catalogs/{}/resourceroles/{}/resource/uploadsessions/{}/files","Identity.Governance","Get-MgIdentityGovernanceEntitlementManagementCatalogResourceRoleResourceUploadSessionFile","suppress","System.Object[]","/identitygovernance/entitlementmanagement/catalogs/{}/resourceroles/{}/resource/uploadsessions/{}/files/{};/identitygovernance/entitlementmanagement/catalogs/{}/resources/{}/roles/{}/resource/uploadsessions/{}/files;/identitygovernance/entitlementmanagement/catalogs/{}/resources/{}/roles/{}/resource/uploadsessions/{}/files/{}",""
"GET","/identitygovernance/entitlementmanagement/catalogs/{}/resourceroles/{}/resource/uploadsessions/{}/files/{}","Identity.Governance","Get-MgIdentityGovernanceEntitlementManagementCatalogResourceRoleResourceUploadSessionFile","suppress","System.Object[]","/identitygovernance/entitlementmanagement/catalogs/{}/resourceroles/{}/resource/uploadsessions/{}/files",""
"GET","/identitygovernance/entitlementmanagement/catalogs/{}/resourceroles/{}/resource/uploadsessions/{}/files/{}/$value","Identity.Governance","Get-MgIdentityGovernanceEntitlementManagementCatalogResourceRoleResourceUploadSessionFileContent","suppress","System.Object[]","/identitygovernance/entitlementmanagement/catalogs/{}/resources/{}/roles/{}/resource/uploadsessions/{}/files/{}/$value",""
"GET","/identitygovernance/entitlementmanagement/catalogs/{}/resourceroles/{}/resource/uploadsessions/{}/files/$count","Identity.Governance","Get-MgIdentityGovernanceEntitlementManagementCatalogResourceRoleResourceUploadSessionFileCount","suppress","System.Object[]","/identitygovernance/entitlementmanagement/catalogs/{}/resources/{}/roles/{}/resource/uploadsessions/{}/files/$count",""
"GET","/identitygovernance/entitlementmanagement/catalogs/{}/resourceroles/{}/resource/uploadsessions/$count","Identity.Governance","Get-MgIdentityGovernanceEntitlementManagementCatalogResourceRoleResourceUploadSessionCount","suppress","System.Object[]","/identitygovernance/entitlementmanagement/catalogs/{}/resources/{}/roles/{}/resource/uploadsessions/$count",""
"GET","/identitygovernance/entitlementmanagement/catalogs/{}/resourceroles/$count","Identity.Governance","Get-MgIdentityGovernanceEntitlementManagementCatalogResourceRoleCount","rename","System.Object[]","/identitygovernance/entitlementmanagement/catalogs/{}/resources/{}/roles/$count",""
"GET","/identitygovernance/entitlementmanagement/catalogs/{}/resources/{}/roles","Identity.Governance","Get-MgIdentityGovernanceEntitlementManagementCatalogResourceRole","suppress","System.Object[]","/identitygovernance/entitlementmanagement/catalogs/{}/resourceroles","Get-MgEntitlementManagementCatalogResourceRole"
"GET","/identitygovernance/entitlementmanagement/catalogs/{}/resources/{}/roles/{}","Identity.Governance","Get-MgIdentityGovernanceEntitlementManagementCatalogResourceRole","suppress","System.Object[]","/identitygovernance/entitlementmanagement/catalogs/{}/resourceroles","Get-MgEntitlementManagementCatalogResourceRole"
"GET","/identitygovernance/entitlementmanagement/catalogs/{}/resources/{}/roles/{}/resource","Identity.Governance","Get-MgIdentityGovernanceEntitlementManagementCatalogResourceRoleResource","suppress","System.Object[]","/identitygovernance/entitlementmanagement/catalogs/{}/resourceroles/{}/resource","Get-MgEntitlementManagementCatalogResourceRoleResource"
"GET","/identitygovernance/entitlementmanagement/catalogs/{}/resources/{}/roles/{}/resource/environment","Identity.Governance","Get-MgIdentityGovernanceEntitlementManagementCatalogResourceRoleResourceEnvironment","suppress","System.Object[]","/identitygovernance/entitlementmanagement/catalogs/{}/resourceroles/{}/resource/environment","Get-MgEntitlementManagementCatalogResourceRoleResourceEnvironment"
"GET","/identitygovernance/entitlementmanagement/catalogs/{}/resources/{}/roles/{}/resource/externaloriginresourceconnector","Identity.Governance","Get-MgIdentityGovernanceEntitlementManagementCatalogResourceRoleResourceExternalOriginResourceConnector","suppress","System.Object[]","/identitygovernance/entitlementmanagement/catalogs/{}/resourceroles/{}/resource/externaloriginresourceconnector",""
"GET","/identitygovernance/entitlementmanagement/catalogs/{}/resources/{}/roles/{}/resource/scopes","Identity.Governance","Get-MgIdentityGovernanceEntitlementManagementCatalogResourceRoleResourceScope","suppress","System.Object[]","/identitygovernance/entitlementmanagement/catalogs/{}/resourceroles/{}/resource/scopes","Get-MgEntitlementManagementCatalogResourceRoleResourceScope"
"GET","/identitygovernance/entitlementmanagement/catalogs/{}/resources/{}/roles/{}/resource/scopes/{}","Identity.Governance","Get-MgIdentityGovernanceEntitlementManagementCatalogResourceRoleResourceScope","suppress","System.Object[]","/identitygovernance/entitlementmanagement/catalogs/{}/resourceroles/{}/resource/scopes","Get-MgEntitlementManagementCatalogResourceRoleResourceScope"
"GET","/identitygovernance/entitlementmanagement/catalogs/{}/resources/{}/roles/{}/resource/scopes/{}/resource","Identity.Governance","Get-MgIdentityGovernanceEntitlementManagementCatalogResourceRoleResourceScopeResource","suppress","System.Object[]","/identitygovernance/entitlementmanagement/catalogs/{}/resourceroles/{}/resource/scopes/{}/resource","Get-MgEntitlementManagementCatalogResourceRoleResourceScopeResource"
"GET","/identitygovernance/entitlementmanagement/catalogs/{}/resources/{}/roles/{}/resource/scopes/{}/resource/environment","Identity.Governance","Get-MgIdentityGovernanceEntitlementManagementCatalogResourceRoleResourceScopeResourceEnvironment","suppress","System.Object[]","/identitygovernance/entitlementmanagement/catalogs/{}/resourceroles/{}/resource/scopes/{}/resource/environment","Get-MgEntitlementManagementCatalogResourceRoleResourceScopeResourceEnvironment"
"GET","/identitygovernance/entitlementmanagement/catalogs/{}/resources/{}/roles/{}/resource/scopes/{}/resource/externaloriginresourceconnector","Identity.Governance","Get-MgIdentityGovernanceEntitlementManagementCatalogResourceRoleResourceScopeResourceExternalOriginResourceConnector","suppress","System.Object[]","/identitygovernance/entitlementmanagement/catalogs/{}/resourceroles/{}/resource/scopes/{}/resource/externaloriginresourceconnector",""
"GET","/identitygovernance/entitlementmanagement/catalogs/{}/resources/{}/roles/{}/resource/scopes/{}/resource/uploadsessions","Identity.Governance","Get-MgIdentityGovernanceEntitlementManagementCatalogResourceRoleResourceScopeResourceUploadSession","suppress","System.Object[]","/identitygovernance/entitlementmanagement/catalogs/{}/resourceroles/{}/resource/scopes/{}/resource/uploadsessions",""
"GET","/identitygovernance/entitlementmanagement/catalogs/{}/resources/{}/roles/{}/resource/scopes/{}/resource/uploadsessions/{}","Identity.Governance","Get-MgIdentityGovernanceEntitlementManagementCatalogResourceRoleResourceScopeResourceUploadSession","suppress","System.Object[]","/identitygovernance/entitlementmanagement/catalogs/{}/resourceroles/{}/resource/scopes/{}/resource/uploadsessions",""
"GET","/identitygovernance/entitlementmanagement/catalogs/{}/resources/{}/roles/{}/resource/scopes/{}/resource/uploadsessions/{}/files","Identity.Governance","Get-MgIdentityGovernanceEntitlementManagementCatalogResourceRoleResourceScopeResourceUploadSessionFile","suppress","System.Object[]","/identitygovernance/entitlementmanagement/catalogs/{}/resourceroles/{}/resource/scopes/{}/resource/uploadsessions/{}/files",""
"GET","/identitygovernance/entitlementmanagement/catalogs/{}/resources/{}/roles/{}/resource/scopes/{}/resource/uploadsessions/{}/files/{}","Identity.Governance","Get-MgIdentityGovernanceEntitlementManagementCatalogResourceRoleResourceScopeResourceUploadSessionFile","suppress","System.Object[]","/identitygovernance/entitlementmanagement/catalogs/{}/resourceroles/{}/resource/scopes/{}/resource/uploadsessions/{}/files",""
"GET","/identitygovernance/entitlementmanagement/catalogs/{}/resources/{}/roles/{}/resource/scopes/{}/resource/uploadsessions/{}/files/{}/$value","Identity.Governance","Get-MgIdentityGovernanceEntitlementManagementCatalogResourceRoleResourceScopeResourceUploadSessionFileContent","suppress","System.Object[]","/identitygovernance/entitlementmanagement/catalogs/{}/resourceroles/{}/resource/scopes/{}/resource/uploadsessions/{}/files/{}/$value",""
"GET","/identitygovernance/entitlementmanagement/catalogs/{}/resources/{}/roles/{}/resource/scopes/{}/resource/uploadsessions/{}/files/$count","Identity.Governance","Get-MgIdentityGovernanceEntitlementManagementCatalogResourceRoleResourceScopeResourceUploadSessionFileCount","suppress","System.Object[]","/identitygovernance/entitlementmanagement/catalogs/{}/resourceroles/{}/resource/scopes/{}/resource/uploadsessions/{}/files/$count",""
"GET","/identitygovernance/entitlementmanagement/catalogs/{}/resources/{}/roles/{}/resource/scopes/{}/resource/uploadsessions/$count","Identity.Governance","Get-MgIdentityGovernanceEntitlementManagementCatalogResourceRoleResourceScopeResourceUploadSessionCount","suppress","System.Object[]","/identitygovernance/entitlementmanagement/catalogs/{}/resourceroles/{}/resource/scopes/{}/resource/uploadsessions/$count",""
"GET","/identitygovernance/entitlementmanagement/catalogs/{}/resources/{}/roles/{}/resource/scopes/$count","Identity.Governance","Get-MgIdentityGovernanceEntitlementManagementCatalogResourceRoleResourceScopeCount","suppress","System.Object[]","/identitygovernance/entitlementmanagement/catalogs/{}/resourceroles/{}/resource/scopes/$count","Get-MgEntitlementManagementCatalogResourceRoleResourceScopeCount"
"GET","/identitygovernance/entitlementmanagement/catalogs/{}/resources/{}/roles/{}/resource/uploadsessions","Identity.Governance","Get-MgIdentityGovernanceEntitlementManagementCatalogResourceRoleResourceUploadSession","suppress","System.Object[]","/identitygovernance/entitlementmanagement/catalogs/{}/resourceroles/{}/resource/uploadsessions",""
"GET","/identitygovernance/entitlementmanagement/catalogs/{}/resources/{}/roles/{}/resource/uploadsessions/{}","Identity.Governance","Get-MgIdentityGovernanceEntitlementManagementCatalogResourceRoleResourceUploadSession","suppress","System.Object[]","/identitygovernance/entitlementmanagement/catalogs/{}/resourceroles/{}/resource/uploadsessions",""
"GET","/identitygovernance/entitlementmanagement/catalogs/{}/resources/{}/roles/{}/resource/uploadsessions/{}/files","Identity.Governance","Get-MgIdentityGovernanceEntitlementManagementCatalogResourceRoleResourceUploadSessionFile","suppress","System.Object[]","/identitygovernance/entitlementmanagement/catalogs/{}/resourceroles/{}/resource/uploadsessions/{}/files",""
"GET","/identitygovernance/entitlementmanagement/catalogs/{}/resources/{}/roles/{}/resource/uploadsessions/{}/files/{}","Identity.Governance","Get-MgIdentityGovernanceEntitlementManagementCatalogResourceRoleResourceUploadSessionFile","suppress","System.Object[]","/identitygovernance/entitlementmanagement/catalogs/{}/resourceroles/{}/resource/uploadsessions/{}/files",""
"GET","/identitygovernance/entitlementmanagement/catalogs/{}/resources/{}/roles/{}/resource/uploadsessions/{}/files/{}/$value","Identity.Governance","Get-MgIdentityGovernanceEntitlementManagementCatalogResourceRoleResourceUploadSessionFileContent","suppress","System.Object[]","/identitygovernance/entitlementmanagement/catalogs/{}/resourceroles/{}/resource/uploadsessions/{}/files/{}/$value",""
"GET","/identitygovernance/entitlementmanagement/catalogs/{}/resources/{}/roles/{}/resource/uploadsessions/{}/files/$count","Identity.Governance","Get-MgIdentityGovernanceEntitlementManagementCatalogResourceRoleResourceUploadSessionFileCount","suppress","System.Object[]","/identitygovernance/entitlementmanagement/catalogs/{}/resourceroles/{}/resource/uploadsessions/{}/files/$count",""
"GET","/identitygovernance/entitlementmanagement/catalogs/{}/resources/{}/roles/{}/resource/uploadsessions/$count","Identity.Governance","Get-MgIdentityGovernanceEntitlementManagementCatalogResourceRoleResourceUploadSessionCount","suppress","System.Object[]","/identitygovernance/entitlementmanagement/catalogs/{}/resourceroles/{}/resource/uploadsessions/$count",""
"GET","/identitygovernance/entitlementmanagement/catalogs/{}/resources/{}/roles/$count","Identity.Governance","Get-MgIdentityGovernanceEntitlementManagementCatalogResourceRoleCount","suppress","System.Object[]","/identitygovernance/entitlementmanagement/catalogs/{}/resourceroles/$count","Get-MgEntitlementManagementCatalogResourceRoleCount"
"GET","/identitygovernance/entitlementmanagement/catalogs/{}/resources/{}/scopes","Identity.Governance","Get-MgIdentityGovernanceEntitlementManagementCatalogResourceScope","suppress","System.Object[]","/identitygovernance/entitlementmanagement/catalogs/{}/resources/{}/scopes/{};/identitygovernance/entitlementmanagement/catalogs/{}/resourcescopes;/identitygovernance/entitlementmanagement/catalogs/{}/resourcescopes/{}","Get-MgEntitlementManagementCatalogResourceScope"
"GET","/identitygovernance/entitlementmanagement/catalogs/{}/resources/{}/scopes/{}","Identity.Governance","Get-MgIdentityGovernanceEntitlementManagementCatalogResourceScope","suppress","System.Object[]","/identitygovernance/entitlementmanagement/catalogs/{}/resources/{}/scopes",""
"GET","/identitygovernance/entitlementmanagement/catalogs/{}/resources/{}/scopes/{}/resource","Identity.Governance","Get-MgIdentityGovernanceEntitlementManagementCatalogResourceScopeResource","rename","System.Object[]","/identitygovernance/entitlementmanagement/catalogs/{}/resourcescopes/{}/resource",""
"GET","/identitygovernance/entitlementmanagement/catalogs/{}/resources/{}/scopes/{}/resource/environment","Identity.Governance","Get-MgIdentityGovernanceEntitlementManagementCatalogResourceScopeResourceEnvironment","rename","System.Object[]","/identitygovernance/entitlementmanagement/catalogs/{}/resourcescopes/{}/resource/environment",""
"GET","/identitygovernance/entitlementmanagement/catalogs/{}/resources/{}/scopes/{}/resource/externaloriginresourceconnector","Identity.Governance","Get-MgIdentityGovernanceEntitlementManagementCatalogResourceScopeResourceExternalOriginResourceConnector","suppress","System.Object[]","/identitygovernance/entitlementmanagement/catalogs/{}/resourcescopes/{}/resource/externaloriginresourceconnector",""
"GET","/identitygovernance/entitlementmanagement/catalogs/{}/resources/{}/scopes/{}/resource/roles","Identity.Governance","Get-MgIdentityGovernanceEntitlementManagementCatalogResourceScopeResourceRole","rename","System.Object[]","/identitygovernance/entitlementmanagement/catalogs/{}/resources/{}/scopes/{}/resource/roles/{};/identitygovernance/entitlementmanagement/catalogs/{}/resourcescopes/{}/resource/roles;/identitygovernance/entitlementmanagement/catalogs/{}/resourcescopes/{}/resource/roles/{}","Get-MgEntitlementManagementCatalogResourceScopeResourceRole"
"GET","/identitygovernance/entitlementmanagement/catalogs/{}/resources/{}/scopes/{}/resource/roles/{}","Identity.Governance","Get-MgIdentityGovernanceEntitlementManagementCatalogResourceScopeResourceRole","rename","System.Object[]","/identitygovernance/entitlementmanagement/catalogs/{}/resources/{}/scopes/{}/resource/roles","Get-MgEntitlementManagementCatalogResourceScopeResourceRole"
"GET","/identitygovernance/entitlementmanagement/catalogs/{}/resources/{}/scopes/{}/resource/roles/{}/resource","Identity.Governance","Get-MgIdentityGovernanceEntitlementManagementCatalogResourceScopeResourceRoleResource","rename","System.Object[]","/identitygovernance/entitlementmanagement/catalogs/{}/resourcescopes/{}/resource/roles/{}/resource",""
"GET","/identitygovernance/entitlementmanagement/catalogs/{}/resources/{}/scopes/{}/resource/roles/{}/resource/environment","Identity.Governance","Get-MgIdentityGovernanceEntitlementManagementCatalogResourceScopeResourceRoleResourceEnvironment","rename","System.Object[]","/identitygovernance/entitlementmanagement/catalogs/{}/resourcescopes/{}/resource/roles/{}/resource/environment",""
"GET","/identitygovernance/entitlementmanagement/catalogs/{}/resources/{}/scopes/{}/resource/roles/{}/resource/externaloriginresourceconnector","Identity.Governance","Get-MgIdentityGovernanceEntitlementManagementCatalogResourceScopeResourceRoleResourceExternalOriginResourceConnector","suppress","System.Object[]","/identitygovernance/entitlementmanagement/catalogs/{}/resourcescopes/{}/resource/roles/{}/resource/externaloriginresourceconnector",""
"GET","/identitygovernance/entitlementmanagement/catalogs/{}/resources/{}/scopes/{}/resource/roles/{}/resource/uploadsessions","Identity.Governance","Get-MgIdentityGovernanceEntitlementManagementCatalogResourceScopeResourceRoleResourceUploadSession","suppress","System.Object[]","/identitygovernance/entitlementmanagement/catalogs/{}/resources/{}/scopes/{}/resource/roles/{}/resource/uploadsessions/{};/identitygovernance/entitlementmanagement/catalogs/{}/resourcescopes/{}/resource/roles/{}/resource/uploadsessions;/identitygovernance/entitlementmanagement/catalogs/{}/resourcescopes/{}/resource/roles/{}/resource/uploadsessions/{}",""
"GET","/identitygovernance/entitlementmanagement/catalogs/{}/resources/{}/scopes/{}/resource/roles/{}/resource/uploadsessions/{}","Identity.Governance","Get-MgIdentityGovernanceEntitlementManagementCatalogResourceScopeResourceRoleResourceUploadSession","suppress","System.Object[]","/identitygovernance/entitlementmanagement/catalogs/{}/resources/{}/scopes/{}/resource/roles/{}/resource/uploadsessions",""
"GET","/identitygovernance/entitlementmanagement/catalogs/{}/resources/{}/scopes/{}/resource/roles/{}/resource/uploadsessions/{}/files","Identity.Governance","Get-MgIdentityGovernanceEntitlementManagementCatalogResourceScopeResourceRoleResourceUploadSessionFile","suppress","System.Object[]","/identitygovernance/entitlementmanagement/catalogs/{}/resources/{}/scopes/{}/resource/roles/{}/resource/uploadsessions/{}/files/{};/identitygovernance/entitlementmanagement/catalogs/{}/resourcescopes/{}/resource/roles/{}/resource/uploadsessions/{}/files;/identitygovernance/entitlementmanagement/catalogs/{}/resourcescopes/{}/resource/roles/{}/resource/uploadsessions/{}/files/{}",""
"GET","/identitygovernance/entitlementmanagement/catalogs/{}/resources/{}/scopes/{}/resource/roles/{}/resource/uploadsessions/{}/files/{}","Identity.Governance","Get-MgIdentityGovernanceEntitlementManagementCatalogResourceScopeResourceRoleResourceUploadSessionFile","suppress","System.Object[]","/identitygovernance/entitlementmanagement/catalogs/{}/resources/{}/scopes/{}/resource/roles/{}/resource/uploadsessions/{}/files",""
"GET","/identitygovernance/entitlementmanagement/catalogs/{}/resources/{}/scopes/{}/resource/roles/{}/resource/uploadsessions/{}/files/{}/$value","Identity.Governance","Get-MgIdentityGovernanceEntitlementManagementCatalogResourceScopeResourceRoleResourceUploadSessionFileContent","suppress","System.Object[]","/identitygovernance/entitlementmanagement/catalogs/{}/resourcescopes/{}/resource/roles/{}/resource/uploadsessions/{}/files/{}/$value",""
"GET","/identitygovernance/entitlementmanagement/catalogs/{}/resources/{}/scopes/{}/resource/roles/{}/resource/uploadsessions/{}/files/$count","Identity.Governance","Get-MgIdentityGovernanceEntitlementManagementCatalogResourceScopeResourceRoleResourceUploadSessionFileCount","suppress","System.Object[]","/identitygovernance/entitlementmanagement/catalogs/{}/resourcescopes/{}/resource/roles/{}/resource/uploadsessions/{}/files/$count",""
"GET","/identitygovernance/entitlementmanagement/catalogs/{}/resources/{}/scopes/{}/resource/roles/{}/resource/uploadsessions/$count","Identity.Governance","Get-MgIdentityGovernanceEntitlementManagementCatalogResourceScopeResourceRoleResourceUploadSessionCount","suppress","System.Object[]","/identitygovernance/entitlementmanagement/catalogs/{}/resourcescopes/{}/resource/roles/{}/resource/uploadsessions/$count",""
"GET","/identitygovernance/entitlementmanagement/catalogs/{}/resources/{}/scopes/{}/resource/roles/$count","Identity.Governance","Get-MgIdentityGovernanceEntitlementManagementCatalogResourceScopeResourceRoleCount","rename","System.Object[]","/identitygovernance/entitlementmanagement/catalogs/{}/resourcescopes/{}/resource/roles/$count",""
"GET","/identitygovernance/entitlementmanagement/catalogs/{}/resources/{}/scopes/{}/resource/uploadsessions","Identity.Governance","Get-MgIdentityGovernanceEntitlementManagementCatalogResourceScopeResourceUploadSession","suppress","System.Object[]","/identitygovernance/entitlementmanagement/catalogs/{}/resources/{}/scopes/{}/resource/uploadsessions/{};/identitygovernance/entitlementmanagement/catalogs/{}/resourcescopes/{}/resource/uploadsessions;/identitygovernance/entitlementmanagement/catalogs/{}/resourcescopes/{}/resource/uploadsessions/{}",""
"GET","/identitygovernance/entitlementmanagement/catalogs/{}/resources/{}/scopes/{}/resource/uploadsessions/{}","Identity.Governance","Get-MgIdentityGovernanceEntitlementManagementCatalogResourceScopeResourceUploadSession","suppress","System.Object[]","/identitygovernance/entitlementmanagement/catalogs/{}/resources/{}/scopes/{}/resource/uploadsessions",""
"GET","/identitygovernance/entitlementmanagement/catalogs/{}/resources/{}/scopes/{}/resource/uploadsessions/{}/files","Identity.Governance","Get-MgIdentityGovernanceEntitlementManagementCatalogResourceScopeResourceUploadSessionFile","suppress","System.Object[]","/identitygovernance/entitlementmanagement/catalogs/{}/resources/{}/scopes/{}/resource/uploadsessions/{}/files/{};/identitygovernance/entitlementmanagement/catalogs/{}/resourcescopes/{}/resource/uploadsessions/{}/files;/identitygovernance/entitlementmanagement/catalogs/{}/resourcescopes/{}/resource/uploadsessions/{}/files/{}",""
"GET","/identitygovernance/entitlementmanagement/catalogs/{}/resources/{}/scopes/{}/resource/uploadsessions/{}/files/{}","Identity.Governance","Get-MgIdentityGovernanceEntitlementManagementCatalogResourceScopeResourceUploadSessionFile","suppress","System.Object[]","/identitygovernance/entitlementmanagement/catalogs/{}/resources/{}/scopes/{}/resource/uploadsessions/{}/files",""
"GET","/identitygovernance/entitlementmanagement/catalogs/{}/resources/{}/scopes/{}/resource/uploadsessions/{}/files/{}/$value","Identity.Governance","Get-MgIdentityGovernanceEntitlementManagementCatalogResourceScopeResourceUploadSessionFileContent","suppress","System.Object[]","/identitygovernance/entitlementmanagement/catalogs/{}/resourcescopes/{}/resource/uploadsessions/{}/files/{}/$value",""
"GET","/identitygovernance/entitlementmanagement/catalogs/{}/resources/{}/scopes/{}/resource/uploadsessions/{}/files/$count","Identity.Governance","Get-MgIdentityGovernanceEntitlementManagementCatalogResourceScopeResourceUploadSessionFileCount","suppress","System.Object[]","/identitygovernance/entitlementmanagement/catalogs/{}/resourcescopes/{}/resource/uploadsessions/{}/files/$count",""
"GET","/identitygovernance/entitlementmanagement/catalogs/{}/resources/{}/scopes/{}/resource/uploadsessions/$count","Identity.Governance","Get-MgIdentityGovernanceEntitlementManagementCatalogResourceScopeResourceUploadSessionCount","suppress","System.Object[]","/identitygovernance/entitlementmanagement/catalogs/{}/resourcescopes/{}/resource/uploadsessions/$count",""
"GET","/identitygovernance/entitlementmanagement/catalogs/{}/resources/{}/scopes/$count","Identity.Governance","Get-MgIdentityGovernanceEntitlementManagementCatalogResourceScopeCount","rename","System.Object[]","/identitygovernance/entitlementmanagement/catalogs/{}/resourcescopes/$count",""
"GET","/identitygovernance/entitlementmanagement/catalogs/{}/resourcescopes","Identity.Governance","Get-MgIdentityGovernanceEntitlementManagementCatalogResourceScope","rename","System.Object[]","/identitygovernance/entitlementmanagement/catalogs/{}/resources/{}/scopes",""
"GET","/identitygovernance/entitlementmanagement/catalogs/{}/resourcescopes/{}","Identity.Governance","Get-MgIdentityGovernanceEntitlementManagementCatalogResourceScope","rename","System.Object[]","/identitygovernance/entitlementmanagement/catalogs/{}/resources/{}/scopes",""
"GET","/identitygovernance/entitlementmanagement/catalogs/{}/resourcescopes/{}/resource","Identity.Governance","Get-MgIdentityGovernanceEntitlementManagementCatalogResourceScopeResource","suppress","System.Object[]","/identitygovernance/entitlementmanagement/catalogs/{}/resources/{}/scopes/{}/resource","Get-MgEntitlementManagementCatalogResourceScopeResource"
"GET","/identitygovernance/entitlementmanagement/catalogs/{}/resourcescopes/{}/resource/environment","Identity.Governance","Get-MgIdentityGovernanceEntitlementManagementCatalogResourceScopeResourceEnvironment","suppress","System.Object[]","/identitygovernance/entitlementmanagement/catalogs/{}/resources/{}/scopes/{}/resource/environment","Get-MgEntitlementManagementCatalogResourceScopeResourceEnvironment"
"GET","/identitygovernance/entitlementmanagement/catalogs/{}/resourcescopes/{}/resource/externaloriginresourceconnector","Identity.Governance","Get-MgIdentityGovernanceEntitlementManagementCatalogResourceScopeResourceExternalOriginResourceConnector","suppress","System.Object[]","/identitygovernance/entitlementmanagement/catalogs/{}/resources/{}/scopes/{}/resource/externaloriginresourceconnector",""
"GET","/identitygovernance/entitlementmanagement/catalogs/{}/resourcescopes/{}/resource/roles","Identity.Governance","Get-MgIdentityGovernanceEntitlementManagementCatalogResourceScopeResourceRole","suppress","System.Object[]","/identitygovernance/entitlementmanagement/catalogs/{}/resources/{}/scopes/{}/resource/roles","Get-MgEntitlementManagementCatalogResourceScopeResourceRole"
"GET","/identitygovernance/entitlementmanagement/catalogs/{}/resourcescopes/{}/resource/roles/{}","Identity.Governance","Get-MgIdentityGovernanceEntitlementManagementCatalogResourceScopeResourceRole","suppress","System.Object[]","/identitygovernance/entitlementmanagement/catalogs/{}/resources/{}/scopes/{}/resource/roles","Get-MgEntitlementManagementCatalogResourceScopeResourceRole"
"GET","/identitygovernance/entitlementmanagement/catalogs/{}/resourcescopes/{}/resource/roles/{}/resource","Identity.Governance","Get-MgIdentityGovernanceEntitlementManagementCatalogResourceScopeResourceRoleResource","suppress","System.Object[]","/identitygovernance/entitlementmanagement/catalogs/{}/resources/{}/scopes/{}/resource/roles/{}/resource","Get-MgEntitlementManagementCatalogResourceScopeResourceRoleResource"
"GET","/identitygovernance/entitlementmanagement/catalogs/{}/resourcescopes/{}/resource/roles/{}/resource/environment","Identity.Governance","Get-MgIdentityGovernanceEntitlementManagementCatalogResourceScopeResourceRoleResourceEnvironment","suppress","System.Object[]","/identitygovernance/entitlementmanagement/catalogs/{}/resources/{}/scopes/{}/resource/roles/{}/resource/environment","Get-MgEntitlementManagementCatalogResourceScopeResourceRoleResourceEnvironment"
"GET","/identitygovernance/entitlementmanagement/catalogs/{}/resourcescopes/{}/resource/roles/{}/resource/externaloriginresourceconnector","Identity.Governance","Get-MgIdentityGovernanceEntitlementManagementCatalogResourceScopeResourceRoleResourceExternalOriginResourceConnector","suppress","System.Object[]","/identitygovernance/entitlementmanagement/catalogs/{}/resources/{}/scopes/{}/resource/roles/{}/resource/externaloriginresourceconnector",""
"GET","/identitygovernance/entitlementmanagement/catalogs/{}/resourcescopes/{}/resource/roles/{}/resource/uploadsessions","Identity.Governance","Get-MgIdentityGovernanceEntitlementManagementCatalogResourceScopeResourceRoleResourceUploadSession","suppress","System.Object[]","/identitygovernance/entitlementmanagement/catalogs/{}/resources/{}/scopes/{}/resource/roles/{}/resource/uploadsessions",""
"GET","/identitygovernance/entitlementmanagement/catalogs/{}/resourcescopes/{}/resource/roles/{}/resource/uploadsessions/{}","Identity.Governance","Get-MgIdentityGovernanceEntitlementManagementCatalogResourceScopeResourceRoleResourceUploadSession","suppress","System.Object[]","/identitygovernance/entitlementmanagement/catalogs/{}/resources/{}/scopes/{}/resource/roles/{}/resource/uploadsessions",""
"GET","/identitygovernance/entitlementmanagement/catalogs/{}/resourcescopes/{}/resource/roles/{}/resource/uploadsessions/{}/files","Identity.Governance","Get-MgIdentityGovernanceEntitlementManagementCatalogResourceScopeResourceRoleResourceUploadSessionFile","suppress","System.Object[]","/identitygovernance/entitlementmanagement/catalogs/{}/resources/{}/scopes/{}/resource/roles/{}/resource/uploadsessions/{}/files",""
"GET","/identitygovernance/entitlementmanagement/catalogs/{}/resourcescopes/{}/resource/roles/{}/resource/uploadsessions/{}/files/{}","Identity.Governance","Get-MgIdentityGovernanceEntitlementManagementCatalogResourceScopeResourceRoleResourceUploadSessionFile","suppress","System.Object[]","/identitygovernance/entitlementmanagement/catalogs/{}/resources/{}/scopes/{}/resource/roles/{}/resource/uploadsessions/{}/files",""
"GET","/identitygovernance/entitlementmanagement/catalogs/{}/resourcescopes/{}/resource/roles/{}/resource/uploadsessions/{}/files/{}/$value","Identity.Governance","Get-MgIdentityGovernanceEntitlementManagementCatalogResourceScopeResourceRoleResourceUploadSessionFileContent","suppress","System.Object[]","/identitygovernance/entitlementmanagement/catalogs/{}/resources/{}/scopes/{}/resource/roles/{}/resource/uploadsessions/{}/files/{}/$value",""
"GET","/identitygovernance/entitlementmanagement/catalogs/{}/resourcescopes/{}/resource/roles/{}/resource/uploadsessions/{}/files/$count","Identity.Governance","Get-MgIdentityGovernanceEntitlementManagementCatalogResourceScopeResourceRoleResourceUploadSessionFileCount","suppress","System.Object[]","/identitygovernance/entitlementmanagement/catalogs/{}/resources/{}/scopes/{}/resource/roles/{}/resource/uploadsessions/{}/files/$count",""
"GET","/identitygovernance/entitlementmanagement/catalogs/{}/resourcescopes/{}/resource/roles/{}/resource/uploadsessions/$count","Identity.Governance","Get-MgIdentityGovernanceEntitlementManagementCatalogResourceScopeResourceRoleResourceUploadSessionCount","suppress","System.Object[]","/identitygovernance/entitlementmanagement/catalogs/{}/resources/{}/scopes/{}/resource/roles/{}/resource/uploadsessions/$count",""
"GET","/identitygovernance/entitlementmanagement/catalogs/{}/resourcescopes/{}/resource/roles/$count","Identity.Governance","Get-MgIdentityGovernanceEntitlementManagementCatalogResourceScopeResourceRoleCount","suppress","System.Object[]","/identitygovernance/entitlementmanagement/catalogs/{}/resources/{}/scopes/{}/resource/roles/$count","Get-MgEntitlementManagementCatalogResourceScopeResourceRoleCount"
"GET","/identitygovernance/entitlementmanagement/catalogs/{}/resourcescopes/{}/resource/uploadsessions","Identity.Governance","Get-MgIdentityGovernanceEntitlementManagementCatalogResourceScopeResourceUploadSession","suppress","System.Object[]","/identitygovernance/entitlementmanagement/catalogs/{}/resources/{}/scopes/{}/resource/uploadsessions",""
"GET","/identitygovernance/entitlementmanagement/catalogs/{}/resourcescopes/{}/resource/uploadsessions/{}","Identity.Governance","Get-MgIdentityGovernanceEntitlementManagementCatalogResourceScopeResourceUploadSession","suppress","System.Object[]","/identitygovernance/entitlementmanagement/catalogs/{}/resources/{}/scopes/{}/resource/uploadsessions",""
"GET","/identitygovernance/entitlementmanagement/catalogs/{}/resourcescopes/{}/resource/uploadsessions/{}/files","Identity.Governance","Get-MgIdentityGovernanceEntitlementManagementCatalogResourceScopeResourceUploadSessionFile","suppress","System.Object[]","/identitygovernance/entitlementmanagement/catalogs/{}/resources/{}/scopes/{}/resource/uploadsessions/{}/files",""
"GET","/identitygovernance/entitlementmanagement/catalogs/{}/resourcescopes/{}/resource/uploadsessions/{}/files/{}","Identity.Governance","Get-MgIdentityGovernanceEntitlementManagementCatalogResourceScopeResourceUploadSessionFile","suppress","System.Object[]","/identitygovernance/entitlementmanagement/catalogs/{}/resources/{}/scopes/{}/resource/uploadsessions/{}/files",""
"GET","/identitygovernance/entitlementmanagement/catalogs/{}/resourcescopes/{}/resource/uploadsessions/{}/files/{}/$value","Identity.Governance","Get-MgIdentityGovernanceEntitlementManagementCatalogResourceScopeResourceUploadSessionFileContent","suppress","System.Object[]","/identitygovernance/entitlementmanagement/catalogs/{}/resources/{}/scopes/{}/resource/uploadsessions/{}/files/{}/$value",""
"GET","/identitygovernance/entitlementmanagement/catalogs/{}/resourcescopes/{}/resource/uploadsessions/{}/files/$count","Identity.Governance","Get-MgIdentityGovernanceEntitlementManagementCatalogResourceScopeResourceUploadSessionFileCount","suppress","System.Object[]","/identitygovernance/entitlementmanagement/catalogs/{}/resources/{}/scopes/{}/resource/uploadsessions/{}/files/$count",""
"GET","/identitygovernance/entitlementmanagement/catalogs/{}/resourcescopes/{}/resource/uploadsessions/$count","Identity.Governance","Get-MgIdentityGovernanceEntitlementManagementCatalogResourceScopeResourceUploadSessionCount","suppress","System.Object[]","/identitygovernance/entitlementmanagement/catalogs/{}/resources/{}/scopes/{}/resource/uploadsessions/$count",""
"GET","/identitygovernance/entitlementmanagement/catalogs/{}/resourcescopes/$count","Identity.Governance","Get-MgIdentityGovernanceEntitlementManagementCatalogResourceScopeCount","suppress","System.Object[]","/identitygovernance/entitlementmanagement/catalogs/{}/resources/{}/scopes/$count","Get-MgEntitlementManagementCatalogResourceScopeCount"
"GET","/identitygovernance/entitlementmanagement/resourcerequests/{}/catalog/resourceroles","Identity.Governance","Get-MgIdentityGovernanceEntitlementManagementResourceRequestCatalogResourceRole","rename","System.Object[]","/identitygovernance/entitlementmanagement/resourcerequests/{}/catalog/resourceroles/{};/identitygovernance/entitlementmanagement/resourcerequests/{}/catalog/resources/{}/roles;/identitygovernance/entitlementmanagement/resourcerequests/{}/catalog/resources/{}/roles/{}","Get-MgEntitlementManagementResourceRequestCatalogResourceRole"
"GET","/identitygovernance/entitlementmanagement/resourcerequests/{}/catalog/resourceroles/{}","Identity.Governance","Get-MgIdentityGovernanceEntitlementManagementResourceRequestCatalogResourceRole","rename","System.Object[]","/identitygovernance/entitlementmanagement/resourcerequests/{}/catalog/resourceroles","Get-MgEntitlementManagementResourceRequestCatalogResourceRole"
"GET","/identitygovernance/entitlementmanagement/resourcerequests/{}/catalog/resourceroles/{}/resource","Identity.Governance","Get-MgIdentityGovernanceEntitlementManagementResourceRequestCatalogResourceRoleResource","rename","System.Object[]","/identitygovernance/entitlementmanagement/resourcerequests/{}/catalog/resources/{}/roles/{}/resource",""
"GET","/identitygovernance/entitlementmanagement/resourcerequests/{}/catalog/resourceroles/{}/resource/environment","Identity.Governance","Get-MgIdentityGovernanceEntitlementManagementResourceRequestCatalogResourceRoleResourceEnvironment","rename","System.Object[]","/identitygovernance/entitlementmanagement/resourcerequests/{}/catalog/resources/{}/roles/{}/resource/environment",""
"GET","/identitygovernance/entitlementmanagement/resourcerequests/{}/catalog/resourceroles/{}/resource/externaloriginresourceconnector","Identity.Governance","Get-MgIdentityGovernanceEntitlementManagementResourceRequestCatalogResourceRoleResourceExternalOriginResourceConnector","suppress","System.Object[]","/identitygovernance/entitlementmanagement/resourcerequests/{}/catalog/resources/{}/roles/{}/resource/externaloriginresourceconnector",""
"GET","/identitygovernance/entitlementmanagement/resourcerequests/{}/catalog/resourceroles/{}/resource/scopes","Identity.Governance","Get-MgIdentityGovernanceEntitlementManagementResourceRequestCatalogResourceRoleResourceScope","rename","System.Object[]","/identitygovernance/entitlementmanagement/resourcerequests/{}/catalog/resourceroles/{}/resource/scopes/{};/identitygovernance/entitlementmanagement/resourcerequests/{}/catalog/resources/{}/roles/{}/resource/scopes;/identitygovernance/entitlementmanagement/resourcerequests/{}/catalog/resources/{}/roles/{}/resource/scopes/{}","Get-MgEntitlementManagementResourceRequestCatalogResourceRoleResourceScope"
"GET","/identitygovernance/entitlementmanagement/resourcerequests/{}/catalog/resourceroles/{}/resource/scopes/{}","Identity.Governance","Get-MgIdentityGovernanceEntitlementManagementResourceRequestCatalogResourceRoleResourceScope","rename","System.Object[]","/identitygovernance/entitlementmanagement/resourcerequests/{}/catalog/resourceroles/{}/resource/scopes","Get-MgEntitlementManagementResourceRequestCatalogResourceRoleResourceScope"
"GET","/identitygovernance/entitlementmanagement/resourcerequests/{}/catalog/resourceroles/{}/resource/scopes/{}/resource","Identity.Governance","Get-MgIdentityGovernanceEntitlementManagementResourceRequestCatalogResourceRoleResourceScopeResource","rename","System.Object[]","/identitygovernance/entitlementmanagement/resourcerequests/{}/catalog/resources/{}/roles/{}/resource/scopes/{}/resource",""
"GET","/identitygovernance/entitlementmanagement/resourcerequests/{}/catalog/resourceroles/{}/resource/scopes/{}/resource/environment","Identity.Governance","Get-MgIdentityGovernanceEntitlementManagementResourceRequestCatalogResourceRoleResourceScopeResourceEnvironment","rename","System.Object[]","/identitygovernance/entitlementmanagement/resourcerequests/{}/catalog/resources/{}/roles/{}/resource/scopes/{}/resource/environment",""
"GET","/identitygovernance/entitlementmanagement/resourcerequests/{}/catalog/resourceroles/{}/resource/scopes/{}/resource/externaloriginresourceconnector","Identity.Governance","Get-MgIdentityGovernanceEntitlementManagementResourceRequestCatalogResourceRoleResourceScopeResourceExternalOriginResourceConnector","suppress","System.Object[]","/identitygovernance/entitlementmanagement/resourcerequests/{}/catalog/resources/{}/roles/{}/resource/scopes/{}/resource/externaloriginresourceconnector",""
"GET","/identitygovernance/entitlementmanagement/resourcerequests/{}/catalog/resourceroles/{}/resource/scopes/{}/resource/uploadsessions","Identity.Governance","Get-MgIdentityGovernanceEntitlementManagementResourceRequestCatalogResourceRoleResourceScopeResourceUploadSession","suppress","System.Object[]","/identitygovernance/entitlementmanagement/resourcerequests/{}/catalog/resourceroles/{}/resource/scopes/{}/resource/uploadsessions/{};/identitygovernance/entitlementmanagement/resourcerequests/{}/catalog/resources/{}/roles/{}/resource/scopes/{}/resource/uploadsessions;/identitygovernance/entitlementmanagement/resourcerequests/{}/catalog/resources/{}/roles/{}/resource/scopes/{}/resource/uploadsessions/{}",""
"GET","/identitygovernance/entitlementmanagement/resourcerequests/{}/catalog/resourceroles/{}/resource/scopes/{}/resource/uploadsessions/{}","Identity.Governance","Get-MgIdentityGovernanceEntitlementManagementResourceRequestCatalogResourceRoleResourceScopeResourceUploadSession","suppress","System.Object[]","/identitygovernance/entitlementmanagement/resourcerequests/{}/catalog/resourceroles/{}/resource/scopes/{}/resource/uploadsessions",""
"GET","/identitygovernance/entitlementmanagement/resourcerequests/{}/catalog/resourceroles/{}/resource/scopes/{}/resource/uploadsessions/{}/files","Identity.Governance","Get-MgIdentityGovernanceEntitlementManagementResourceRequestCatalogResourceRoleResourceScopeResourceUploadSessionFile","suppress","System.Object[]","/identitygovernance/entitlementmanagement/resourcerequests/{}/catalog/resourceroles/{}/resource/scopes/{}/resource/uploadsessions/{}/files/{};/identitygovernance/entitlementmanagement/resourcerequests/{}/catalog/resources/{}/roles/{}/resource/scopes/{}/resource/uploadsessions/{}/files;/identitygovernance/entitlementmanagement/resourcerequests/{}/catalog/resources/{}/roles/{}/resource/scopes/{}/resource/uploadsessions/{}/files/{}",""
"GET","/identitygovernance/entitlementmanagement/resourcerequests/{}/catalog/resourceroles/{}/resource/scopes/{}/resource/uploadsessions/{}/files/{}","Identity.Governance","Get-MgIdentityGovernanceEntitlementManagementResourceRequestCatalogResourceRoleResourceScopeResourceUploadSessionFile","suppress","System.Object[]","/identitygovernance/entitlementmanagement/resourcerequests/{}/catalog/resourceroles/{}/resource/scopes/{}/resource/uploadsessions/{}/files",""
"GET","/identitygovernance/entitlementmanagement/resourcerequests/{}/catalog/resourceroles/{}/resource/scopes/{}/resource/uploadsessions/{}/files/{}/$value","Identity.Governance","Get-MgIdentityGovernanceEntitlementManagementResourceRequestCatalogResourceRoleResourceScopeResourceUploadSessionFileContent","suppress","System.Object[]","/identitygovernance/entitlementmanagement/resourcerequests/{}/catalog/resources/{}/roles/{}/resource/scopes/{}/resource/uploadsessions/{}/files/{}/$value",""
"GET","/identitygovernance/entitlementmanagement/resourcerequests/{}/catalog/resourceroles/{}/resource/scopes/{}/resource/uploadsessions/{}/files/$count","Identity.Governance","Get-MgIdentityGovernanceEntitlementManagementResourceRequestCatalogResourceRoleResourceScopeResourceUploadSessionFileCount","suppress","System.Object[]","/identitygovernance/entitlementmanagement/resourcerequests/{}/catalog/resources/{}/roles/{}/resource/scopes/{}/resource/uploadsessions/{}/files/$count",""
"GET","/identitygovernance/entitlementmanagement/resourcerequests/{}/catalog/resourceroles/{}/resource/scopes/{}/resource/uploadsessions/$count","Identity.Governance","Get-MgIdentityGovernanceEntitlementManagementResourceRequestCatalogResourceRoleResourceScopeResourceUploadSessionCount","suppress","System.Object[]","/identitygovernance/entitlementmanagement/resourcerequests/{}/catalog/resources/{}/roles/{}/resource/scopes/{}/resource/uploadsessions/$count",""
"GET","/identitygovernance/entitlementmanagement/resourcerequests/{}/catalog/resourceroles/{}/resource/scopes/$count","Identity.Governance","Get-MgIdentityGovernanceEntitlementManagementResourceRequestCatalogResourceRoleResourceScopeCount","rename","System.Object[]","/identitygovernance/entitlementmanagement/resourcerequests/{}/catalog/resources/{}/roles/{}/resource/scopes/$count",""
"GET","/identitygovernance/entitlementmanagement/resourcerequests/{}/catalog/resourceroles/{}/resource/uploadsessions","Identity.Governance","Get-MgIdentityGovernanceEntitlementManagementResourceRequestCatalogResourceRoleResourceUploadSession","suppress","System.Object[]","/identitygovernance/entitlementmanagement/resourcerequests/{}/catalog/resourceroles/{}/resource/uploadsessions/{};/identitygovernance/entitlementmanagement/resourcerequests/{}/catalog/resources/{}/roles/{}/resource/uploadsessions;/identitygovernance/entitlementmanagement/resourcerequests/{}/catalog/resources/{}/roles/{}/resource/uploadsessions/{}",""
"GET","/identitygovernance/entitlementmanagement/resourcerequests/{}/catalog/resourceroles/{}/resource/uploadsessions/{}","Identity.Governance","Get-MgIdentityGovernanceEntitlementManagementResourceRequestCatalogResourceRoleResourceUploadSession","suppress","System.Object[]","/identitygovernance/entitlementmanagement/resourcerequests/{}/catalog/resourceroles/{}/resource/uploadsessions",""
"GET","/identitygovernance/entitlementmanagement/resourcerequests/{}/catalog/resourceroles/{}/resource/uploadsessions/{}/files","Identity.Governance","Get-MgIdentityGovernanceEntitlementManagementResourceRequestCatalogResourceRoleResourceUploadSessionFile","suppress","System.Object[]","/identitygovernance/entitlementmanagement/resourcerequests/{}/catalog/resourceroles/{}/resource/uploadsessions/{}/files/{};/identitygovernance/entitlementmanagement/resourcerequests/{}/catalog/resources/{}/roles/{}/resource/uploadsessions/{}/files;/identitygovernance/entitlementmanagement/resourcerequests/{}/catalog/resources/{}/roles/{}/resource/uploadsessions/{}/files/{}",""
"GET","/identitygovernance/entitlementmanagement/resourcerequests/{}/catalog/resourceroles/{}/resource/uploadsessions/{}/files/{}","Identity.Governance","Get-MgIdentityGovernanceEntitlementManagementResourceRequestCatalogResourceRoleResourceUploadSessionFile","suppress","System.Object[]","/identitygovernance/entitlementmanagement/resourcerequests/{}/catalog/resourceroles/{}/resource/uploadsessions/{}/files",""
"GET","/identitygovernance/entitlementmanagement/resourcerequests/{}/catalog/resourceroles/{}/resource/uploadsessions/{}/files/{}/$value","Identity.Governance","Get-MgIdentityGovernanceEntitlementManagementResourceRequestCatalogResourceRoleResourceUploadSessionFileContent","suppress","System.Object[]","/identitygovernance/entitlementmanagement/resourcerequests/{}/catalog/resources/{}/roles/{}/resource/uploadsessions/{}/files/{}/$value",""
"GET","/identitygovernance/entitlementmanagement/resourcerequests/{}/catalog/resourceroles/{}/resource/uploadsessions/{}/files/$count","Identity.Governance","Get-MgIdentityGovernanceEntitlementManagementResourceRequestCatalogResourceRoleResourceUploadSessionFileCount","suppress","System.Object[]","/identitygovernance/entitlementmanagement/resourcerequests/{}/catalog/resources/{}/roles/{}/resource/uploadsessions/{}/files/$count",""
"GET","/identitygovernance/entitlementmanagement/resourcerequests/{}/catalog/resourceroles/{}/resource/uploadsessions/$count","Identity.Governance","Get-MgIdentityGovernanceEntitlementManagementResourceRequestCatalogResourceRoleResourceUploadSessionCount","suppress","System.Object[]","/identitygovernance/entitlementmanagement/resourcerequests/{}/catalog/resources/{}/roles/{}/resource/uploadsessions/$count",""
"GET","/identitygovernance/entitlementmanagement/resourcerequests/{}/catalog/resourceroles/$count","Identity.Governance","Get-MgIdentityGovernanceEntitlementManagementResourceRequestCatalogResourceRoleCount","rename","System.Object[]","/identitygovernance/entitlementmanagement/resourcerequests/{}/catalog/resources/{}/roles/$count",""
"GET","/identitygovernance/entitlementmanagement/resourcerequests/{}/catalog/resources/{}/roles","Identity.Governance","Get-MgIdentityGovernanceEntitlementManagementResourceRequestCatalogResourceRole","suppress","System.Object[]","/identitygovernance/entitlementmanagement/resourcerequests/{}/catalog/resourceroles","Get-MgEntitlementManagementResourceRequestCatalogResourceRole"
"GET","/identitygovernance/entitlementmanagement/resourcerequests/{}/catalog/resources/{}/roles/{}","Identity.Governance","Get-MgIdentityGovernanceEntitlementManagementResourceRequestCatalogResourceRole","suppress","System.Object[]","/identitygovernance/entitlementmanagement/resourcerequests/{}/catalog/resourceroles","Get-MgEntitlementManagementResourceRequestCatalogResourceRole"
"GET","/identitygovernance/entitlementmanagement/resourcerequests/{}/catalog/resources/{}/roles/{}/resource","Identity.Governance","Get-MgIdentityGovernanceEntitlementManagementResourceRequestCatalogResourceRoleResource","suppress","System.Object[]","/identitygovernance/entitlementmanagement/resourcerequests/{}/catalog/resourceroles/{}/resource","Get-MgEntitlementManagementResourceRequestCatalogResourceRoleResource"
"GET","/identitygovernance/entitlementmanagement/resourcerequests/{}/catalog/resources/{}/roles/{}/resource/environment","Identity.Governance","Get-MgIdentityGovernanceEntitlementManagementResourceRequestCatalogResourceRoleResourceEnvironment","suppress","System.Object[]","/identitygovernance/entitlementmanagement/resourcerequests/{}/catalog/resourceroles/{}/resource/environment","Get-MgEntitlementManagementResourceRequestCatalogResourceRoleResourceEnvironment"
"GET","/identitygovernance/entitlementmanagement/resourcerequests/{}/catalog/resources/{}/roles/{}/resource/externaloriginresourceconnector","Identity.Governance","Get-MgIdentityGovernanceEntitlementManagementResourceRequestCatalogResourceRoleResourceExternalOriginResourceConnector","suppress","System.Object[]","/identitygovernance/entitlementmanagement/resourcerequests/{}/catalog/resourceroles/{}/resource/externaloriginresourceconnector",""
"GET","/identitygovernance/entitlementmanagement/resourcerequests/{}/catalog/resources/{}/roles/{}/resource/scopes","Identity.Governance","Get-MgIdentityGovernanceEntitlementManagementResourceRequestCatalogResourceRoleResourceScope","suppress","System.Object[]","/identitygovernance/entitlementmanagement/resourcerequests/{}/catalog/resourceroles/{}/resource/scopes","Get-MgEntitlementManagementResourceRequestCatalogResourceRoleResourceScope"
"GET","/identitygovernance/entitlementmanagement/resourcerequests/{}/catalog/resources/{}/roles/{}/resource/scopes/{}","Identity.Governance","Get-MgIdentityGovernanceEntitlementManagementResourceRequestCatalogResourceRoleResourceScope","suppress","System.Object[]","/identitygovernance/entitlementmanagement/resourcerequests/{}/catalog/resourceroles/{}/resource/scopes","Get-MgEntitlementManagementResourceRequestCatalogResourceRoleResourceScope"
"GET","/identitygovernance/entitlementmanagement/resourcerequests/{}/catalog/resources/{}/roles/{}/resource/scopes/{}/resource","Identity.Governance","Get-MgIdentityGovernanceEntitlementManagementResourceRequestCatalogResourceRoleResourceScopeResource","suppress","System.Object[]","/identitygovernance/entitlementmanagement/resourcerequests/{}/catalog/resourceroles/{}/resource/scopes/{}/resource","Get-MgEntitlementManagementResourceRequestCatalogResourceRoleResourceScopeResource"
"GET","/identitygovernance/entitlementmanagement/resourcerequests/{}/catalog/resources/{}/roles/{}/resource/scopes/{}/resource/environment","Identity.Governance","Get-MgIdentityGovernanceEntitlementManagementResourceRequestCatalogResourceRoleResourceScopeResourceEnvironment","suppress","System.Object[]","/identitygovernance/entitlementmanagement/resourcerequests/{}/catalog/resourceroles/{}/resource/scopes/{}/resource/environment","Get-MgEntitlementManagementResourceRequestCatalogResourceRoleResourceScopeResourceEnvironment"
"GET","/identitygovernance/entitlementmanagement/resourcerequests/{}/catalog/resources/{}/roles/{}/resource/scopes/{}/resource/externaloriginresourceconnector","Identity.Governance","Get-MgIdentityGovernanceEntitlementManagementResourceRequestCatalogResourceRoleResourceScopeResourceExternalOriginResourceConnector","suppress","System.Object[]","/identitygovernance/entitlementmanagement/resourcerequests/{}/catalog/resourceroles/{}/resource/scopes/{}/resource/externaloriginresourceconnector",""
"GET","/identitygovernance/entitlementmanagement/resourcerequests/{}/catalog/resources/{}/roles/{}/resource/scopes/{}/resource/uploadsessions","Identity.Governance","Get-MgIdentityGovernanceEntitlementManagementResourceRequestCatalogResourceRoleResourceScopeResourceUploadSession","suppress","System.Object[]","/identitygovernance/entitlementmanagement/resourcerequests/{}/catalog/resourceroles/{}/resource/scopes/{}/resource/uploadsessions",""
"GET","/identitygovernance/entitlementmanagement/resourcerequests/{}/catalog/resources/{}/roles/{}/resource/scopes/{}/resource/uploadsessions/{}","Identity.Governance","Get-MgIdentityGovernanceEntitlementManagementResourceRequestCatalogResourceRoleResourceScopeResourceUploadSession","suppress","System.Object[]","/identitygovernance/entitlementmanagement/resourcerequests/{}/catalog/resourceroles/{}/resource/scopes/{}/resource/uploadsessions",""
"GET","/identitygovernance/entitlementmanagement/resourcerequests/{}/catalog/resources/{}/roles/{}/resource/scopes/{}/resource/uploadsessions/{}/files","Identity.Governance","Get-MgIdentityGovernanceEntitlementManagementResourceRequestCatalogResourceRoleResourceScopeResourceUploadSessionFile","suppress","System.Object[]","/identitygovernance/entitlementmanagement/resourcerequests/{}/catalog/resourceroles/{}/resource/scopes/{}/resource/uploadsessions/{}/files",""
"GET","/identitygovernance/entitlementmanagement/resourcerequests/{}/catalog/resources/{}/roles/{}/resource/scopes/{}/resource/uploadsessions/{}/files/{}","Identity.Governance","Get-MgIdentityGovernanceEntitlementManagementResourceRequestCatalogResourceRoleResourceScopeResourceUploadSessionFile","suppress","System.Object[]","/identitygovernance/entitlementmanagement/resourcerequests/{}/catalog/resourceroles/{}/resource/scopes/{}/resource/uploadsessions/{}/files",""
"GET","/identitygovernance/entitlementmanagement/resourcerequests/{}/catalog/resources/{}/roles/{}/resource/scopes/{}/resource/uploadsessions/{}/files/{}/$value","Identity.Governance","Get-MgIdentityGovernanceEntitlementManagementResourceRequestCatalogResourceRoleResourceScopeResourceUploadSessionFileContent","suppress","System.Object[]","/identitygovernance/entitlementmanagement/resourcerequests/{}/catalog/resourceroles/{}/resource/scopes/{}/resource/uploadsessions/{}/files/{}/$value",""
"GET","/identitygovernance/entitlementmanagement/resourcerequests/{}/catalog/resources/{}/roles/{}/resource/scopes/{}/resource/uploadsessions/{}/files/$count","Identity.Governance","Get-MgIdentityGovernanceEntitlementManagementResourceRequestCatalogResourceRoleResourceScopeResourceUploadSessionFileCount","suppress","System.Object[]","/identitygovernance/entitlementmanagement/resourcerequests/{}/catalog/resourceroles/{}/resource/scopes/{}/resource/uploadsessions/{}/files/$count",""
"GET","/identitygovernance/entitlementmanagement/resourcerequests/{}/catalog/resources/{}/roles/{}/resource/scopes/{}/resource/uploadsessions/$count","Identity.Governance","Get-MgIdentityGovernanceEntitlementManagementResourceRequestCatalogResourceRoleResourceScopeResourceUploadSessionCount","suppress","System.Object[]","/identitygovernance/entitlementmanagement/resourcerequests/{}/catalog/resourceroles/{}/resource/scopes/{}/resource/uploadsessions/$count",""
"GET","/identitygovernance/entitlementmanagement/resourcerequests/{}/catalog/resources/{}/roles/{}/resource/scopes/$count","Identity.Governance","Get-MgIdentityGovernanceEntitlementManagementResourceRequestCatalogResourceRoleResourceScopeCount","suppress","System.Object[]","/identitygovernance/entitlementmanagement/resourcerequests/{}/catalog/resourceroles/{}/resource/scopes/$count","Get-MgEntitlementManagementResourceRequestCatalogResourceRoleResourceScopeCount"
"GET","/identitygovernance/entitlementmanagement/resourcerequests/{}/catalog/resources/{}/roles/{}/resource/uploadsessions","Identity.Governance","Get-MgIdentityGovernanceEntitlementManagementResourceRequestCatalogResourceRoleResourceUploadSession","suppress","System.Object[]","/identitygovernance/entitlementmanagement/resourcerequests/{}/catalog/resourceroles/{}/resource/uploadsessions",""
"GET","/identitygovernance/entitlementmanagement/resourcerequests/{}/catalog/resources/{}/roles/{}/resource/uploadsessions/{}","Identity.Governance","Get-MgIdentityGovernanceEntitlementManagementResourceRequestCatalogResourceRoleResourceUploadSession","suppress","System.Object[]","/identitygovernance/entitlementmanagement/resourcerequests/{}/catalog/resourceroles/{}/resource/uploadsessions",""
"GET","/identitygovernance/entitlementmanagement/resourcerequests/{}/catalog/resources/{}/roles/{}/resource/uploadsessions/{}/files","Identity.Governance","Get-MgIdentityGovernanceEntitlementManagementResourceRequestCatalogResourceRoleResourceUploadSessionFile","suppress","System.Object[]","/identitygovernance/entitlementmanagement/resourcerequests/{}/catalog/resourceroles/{}/resource/uploadsessions/{}/files",""
"GET","/identitygovernance/entitlementmanagement/resourcerequests/{}/catalog/resources/{}/roles/{}/resource/uploadsessions/{}/files/{}","Identity.Governance","Get-MgIdentityGovernanceEntitlementManagementResourceRequestCatalogResourceRoleResourceUploadSessionFile","suppress","System.Object[]","/identitygovernance/entitlementmanagement/resourcerequests/{}/catalog/resourceroles/{}/resource/uploadsessions/{}/files",""
"GET","/identitygovernance/entitlementmanagement/resourcerequests/{}/catalog/resources/{}/roles/{}/resource/uploadsessions/{}/files/{}/$value","Identity.Governance","Get-MgIdentityGovernanceEntitlementManagementResourceRequestCatalogResourceRoleResourceUploadSessionFileContent","suppress","System.Object[]","/identitygovernance/entitlementmanagement/resourcerequests/{}/catalog/resourceroles/{}/resource/uploadsessions/{}/files/{}/$value",""
"GET","/identitygovernance/entitlementmanagement/resourcerequests/{}/catalog/resources/{}/roles/{}/resource/uploadsessions/{}/files/$count","Identity.Governance","Get-MgIdentityGovernanceEntitlementManagementResourceRequestCatalogResourceRoleResourceUploadSessionFileCount","suppress","System.Object[]","/identitygovernance/entitlementmanagement/resourcerequests/{}/catalog/resourceroles/{}/resource/uploadsessions/{}/files/$count",""
"GET","/identitygovernance/entitlementmanagement/resourcerequests/{}/catalog/resources/{}/roles/{}/resource/uploadsessions/$count","Identity.Governance","Get-MgIdentityGovernanceEntitlementManagementResourceRequestCatalogResourceRoleResourceUploadSessionCount","suppress","System.Object[]","/identitygovernance/entitlementmanagement/resourcerequests/{}/catalog/resourceroles/{}/resource/uploadsessions/$count",""
"GET","/identitygovernance/entitlementmanagement/resourcerequests/{}/catalog/resources/{}/roles/$count","Identity.Governance","Get-MgIdentityGovernanceEntitlementManagementResourceRequestCatalogResourceRoleCount","suppress","System.Object[]","/identitygovernance/entitlementmanagement/resourcerequests/{}/catalog/resourceroles/$count","Get-MgEntitlementManagementResourceRequestCatalogResourceRoleCount"
"GET","/identitygovernance/entitlementmanagement/resourcerequests/{}/catalog/resources/{}/scopes","Identity.Governance","Get-MgIdentityGovernanceEntitlementManagementResourceRequestCatalogResourceScope","suppress","System.Object[]","/identitygovernance/entitlementmanagement/resourcerequests/{}/catalog/resources/{}/scopes/{};/identitygovernance/entitlementmanagement/resourcerequests/{}/catalog/resourcescopes;/identitygovernance/entitlementmanagement/resourcerequests/{}/catalog/resourcescopes/{}","Get-MgEntitlementManagementResourceRequestCatalogResourceScope"
"GET","/identitygovernance/entitlementmanagement/resourcerequests/{}/catalog/resources/{}/scopes/{}","Identity.Governance","Get-MgIdentityGovernanceEntitlementManagementResourceRequestCatalogResourceScope","suppress","System.Object[]","/identitygovernance/entitlementmanagement/resourcerequests/{}/catalog/resources/{}/scopes",""
"GET","/identitygovernance/entitlementmanagement/resourcerequests/{}/catalog/resources/{}/scopes/{}/resource","Identity.Governance","Get-MgIdentityGovernanceEntitlementManagementResourceRequestCatalogResourceScopeResource","rename","System.Object[]","/identitygovernance/entitlementmanagement/resourcerequests/{}/catalog/resourcescopes/{}/resource",""
"GET","/identitygovernance/entitlementmanagement/resourcerequests/{}/catalog/resources/{}/scopes/{}/resource/environment","Identity.Governance","Get-MgIdentityGovernanceEntitlementManagementResourceRequestCatalogResourceScopeResourceEnvironment","rename","System.Object[]","/identitygovernance/entitlementmanagement/resourcerequests/{}/catalog/resourcescopes/{}/resource/environment",""
"GET","/identitygovernance/entitlementmanagement/resourcerequests/{}/catalog/resources/{}/scopes/{}/resource/externaloriginresourceconnector","Identity.Governance","Get-MgIdentityGovernanceEntitlementManagementResourceRequestCatalogResourceScopeResourceExternalOriginResourceConnector","suppress","System.Object[]","/identitygovernance/entitlementmanagement/resourcerequests/{}/catalog/resourcescopes/{}/resource/externaloriginresourceconnector",""
"GET","/identitygovernance/entitlementmanagement/resourcerequests/{}/catalog/resources/{}/scopes/{}/resource/roles","Identity.Governance","Get-MgIdentityGovernanceEntitlementManagementResourceRequestCatalogResourceScopeResourceRole","rename","System.Object[]","/identitygovernance/entitlementmanagement/resourcerequests/{}/catalog/resources/{}/scopes/{}/resource/roles/{};/identitygovernance/entitlementmanagement/resourcerequests/{}/catalog/resourcescopes/{}/resource/roles;/identitygovernance/entitlementmanagement/resourcerequests/{}/catalog/resourcescopes/{}/resource/roles/{}","Get-MgEntitlementManagementResourceRequestCatalogResourceScopeResourceRole"
"GET","/identitygovernance/entitlementmanagement/resourcerequests/{}/catalog/resources/{}/scopes/{}/resource/roles/{}","Identity.Governance","Get-MgIdentityGovernanceEntitlementManagementResourceRequestCatalogResourceScopeResourceRole","rename","System.Object[]","/identitygovernance/entitlementmanagement/resourcerequests/{}/catalog/resources/{}/scopes/{}/resource/roles","Get-MgEntitlementManagementResourceRequestCatalogResourceScopeResourceRole"
"GET","/identitygovernance/entitlementmanagement/resourcerequests/{}/catalog/resources/{}/scopes/{}/resource/roles/{}/resource","Identity.Governance","Get-MgIdentityGovernanceEntitlementManagementResourceRequestCatalogResourceScopeResourceRoleResource","rename","System.Object[]","/identitygovernance/entitlementmanagement/resourcerequests/{}/catalog/resourcescopes/{}/resource/roles/{}/resource",""
"GET","/identitygovernance/entitlementmanagement/resourcerequests/{}/catalog/resources/{}/scopes/{}/resource/roles/{}/resource/environment","Identity.Governance","Get-MgIdentityGovernanceEntitlementManagementResourceRequestCatalogResourceScopeResourceRoleResourceEnvironment","rename","System.Object[]","/identitygovernance/entitlementmanagement/resourcerequests/{}/catalog/resourcescopes/{}/resource/roles/{}/resource/environment",""
"GET","/identitygovernance/entitlementmanagement/resourcerequests/{}/catalog/resources/{}/scopes/{}/resource/roles/{}/resource/externaloriginresourceconnector","Identity.Governance","Get-MgIdentityGovernanceEntitlementManagementResourceRequestCatalogResourceScopeResourceRoleResourceExternalOriginResourceConnector","suppress","System.Object[]","/identitygovernance/entitlementmanagement/resourcerequests/{}/catalog/resourcescopes/{}/resource/roles/{}/resource/externaloriginresourceconnector",""
"GET","/identitygovernance/entitlementmanagement/resourcerequests/{}/catalog/resources/{}/scopes/{}/resource/roles/{}/resource/uploadsessions","Identity.Governance","Get-MgIdentityGovernanceEntitlementManagementResourceRequestCatalogResourceScopeResourceRoleResourceUploadSession","suppress","System.Object[]","/identitygovernance/entitlementmanagement/resourcerequests/{}/catalog/resources/{}/scopes/{}/resource/roles/{}/resource/uploadsessions/{};/identitygovernance/entitlementmanagement/resourcerequests/{}/catalog/resourcescopes/{}/resource/roles/{}/resource/uploadsessions;/identitygovernance/entitlementmanagement/resourcerequests/{}/catalog/resourcescopes/{}/resource/roles/{}/resource/uploadsessions/{}",""
"GET","/identitygovernance/entitlementmanagement/resourcerequests/{}/catalog/resources/{}/scopes/{}/resource/roles/{}/resource/uploadsessions/{}","Identity.Governance","Get-MgIdentityGovernanceEntitlementManagementResourceRequestCatalogResourceScopeResourceRoleResourceUploadSession","suppress","System.Object[]","/identitygovernance/entitlementmanagement/resourcerequests/{}/catalog/resources/{}/scopes/{}/resource/roles/{}/resource/uploadsessions",""
"GET","/identitygovernance/entitlementmanagement/resourcerequests/{}/catalog/resources/{}/scopes/{}/resource/roles/{}/resource/uploadsessions/{}/files","Identity.Governance","Get-MgIdentityGovernanceEntitlementManagementResourceRequestCatalogResourceScopeResourceRoleResourceUploadSessionFile","suppress","System.Object[]","/identitygovernance/entitlementmanagement/resourcerequests/{}/catalog/resources/{}/scopes/{}/resource/roles/{}/resource/uploadsessions/{}/files/{};/identitygovernance/entitlementmanagement/resourcerequests/{}/catalog/resourcescopes/{}/resource/roles/{}/resource/uploadsessions/{}/files;/identitygovernance/entitlementmanagement/resourcerequests/{}/catalog/resourcescopes/{}/resource/roles/{}/resource/uploadsessions/{}/files/{}",""
"GET","/identitygovernance/entitlementmanagement/resourcerequests/{}/catalog/resources/{}/scopes/{}/resource/roles/{}/resource/uploadsessions/{}/files/{}","Identity.Governance","Get-MgIdentityGovernanceEntitlementManagementResourceRequestCatalogResourceScopeResourceRoleResourceUploadSessionFile","suppress","System.Object[]","/identitygovernance/entitlementmanagement/resourcerequests/{}/catalog/resources/{}/scopes/{}/resource/roles/{}/resource/uploadsessions/{}/files",""
"GET","/identitygovernance/entitlementmanagement/resourcerequests/{}/catalog/resources/{}/scopes/{}/resource/roles/{}/resource/uploadsessions/{}/files/{}/$value","Identity.Governance","Get-MgIdentityGovernanceEntitlementManagementResourceRequestCatalogResourceScopeResourceRoleResourceUploadSessionFileContent","suppress","System.Object[]","/identitygovernance/entitlementmanagement/resourcerequests/{}/catalog/resourcescopes/{}/resource/roles/{}/resource/uploadsessions/{}/files/{}/$value",""
"GET","/identitygovernance/entitlementmanagement/resourcerequests/{}/catalog/resources/{}/scopes/{}/resource/roles/{}/resource/uploadsessions/{}/files/$count","Identity.Governance","Get-MgIdentityGovernanceEntitlementManagementResourceRequestCatalogResourceScopeResourceRoleResourceUploadSessionFileCount","suppress","System.Object[]","/identitygovernance/entitlementmanagement/resourcerequests/{}/catalog/resourcescopes/{}/resource/roles/{}/resource/uploadsessions/{}/files/$count",""
"GET","/identitygovernance/entitlementmanagement/resourcerequests/{}/catalog/resources/{}/scopes/{}/resource/roles/{}/resource/uploadsessions/$count","Identity.Governance","Get-MgIdentityGovernanceEntitlementManagementResourceRequestCatalogResourceScopeResourceRoleResourceUploadSessionCount","suppress","System.Object[]","/identitygovernance/entitlementmanagement/resourcerequests/{}/catalog/resourcescopes/{}/resource/roles/{}/resource/uploadsessions/$count",""
"GET","/identitygovernance/entitlementmanagement/resourcerequests/{}/catalog/resources/{}/scopes/{}/resource/roles/$count","Identity.Governance","Get-MgIdentityGovernanceEntitlementManagementResourceRequestCatalogResourceScopeResourceRoleCount","rename","System.Object[]","/identitygovernance/entitlementmanagement/resourcerequests/{}/catalog/resourcescopes/{}/resource/roles/$count",""
"GET","/identitygovernance/entitlementmanagement/resourcerequests/{}/catalog/resources/{}/scopes/{}/resource/uploadsessions","Identity.Governance","Get-MgIdentityGovernanceEntitlementManagementResourceRequestCatalogResourceScopeResourceUploadSession","suppress","System.Object[]","/identitygovernance/entitlementmanagement/resourcerequests/{}/catalog/resources/{}/scopes/{}/resource/uploadsessions/{};/identitygovernance/entitlementmanagement/resourcerequests/{}/catalog/resourcescopes/{}/resource/uploadsessions;/identitygovernance/entitlementmanagement/resourcerequests/{}/catalog/resourcescopes/{}/resource/uploadsessions/{}",""
"GET","/identitygovernance/entitlementmanagement/resourcerequests/{}/catalog/resources/{}/scopes/{}/resource/uploadsessions/{}","Identity.Governance","Get-MgIdentityGovernanceEntitlementManagementResourceRequestCatalogResourceScopeResourceUploadSession","suppress","System.Object[]","/identitygovernance/entitlementmanagement/resourcerequests/{}/catalog/resources/{}/scopes/{}/resource/uploadsessions",""
"GET","/identitygovernance/entitlementmanagement/resourcerequests/{}/catalog/resources/{}/scopes/{}/resource/uploadsessions/{}/files","Identity.Governance","Get-MgIdentityGovernanceEntitlementManagementResourceRequestCatalogResourceScopeResourceUploadSessionFile","suppress","System.Object[]","/identitygovernance/entitlementmanagement/resourcerequests/{}/catalog/resources/{}/scopes/{}/resource/uploadsessions/{}/files/{};/identitygovernance/entitlementmanagement/resourcerequests/{}/catalog/resourcescopes/{}/resource/uploadsessions/{}/files;/identitygovernance/entitlementmanagement/resourcerequests/{}/catalog/resourcescopes/{}/resource/uploadsessions/{}/files/{}",""
"GET","/identitygovernance/entitlementmanagement/resourcerequests/{}/catalog/resources/{}/scopes/{}/resource/uploadsessions/{}/files/{}","Identity.Governance","Get-MgIdentityGovernanceEntitlementManagementResourceRequestCatalogResourceScopeResourceUploadSessionFile","suppress","System.Object[]","/identitygovernance/entitlementmanagement/resourcerequests/{}/catalog/resources/{}/scopes/{}/resource/uploadsessions/{}/files",""
"GET","/identitygovernance/entitlementmanagement/resourcerequests/{}/catalog/resources/{}/scopes/{}/resource/uploadsessions/{}/files/{}/$value","Identity.Governance","Get-MgIdentityGovernanceEntitlementManagementResourceRequestCatalogResourceScopeResourceUploadSessionFileContent","suppress","System.Object[]","/identitygovernance/entitlementmanagement/resourcerequests/{}/catalog/resourcescopes/{}/resource/uploadsessions/{}/files/{}/$value",""
"GET","/identitygovernance/entitlementmanagement/resourcerequests/{}/catalog/resources/{}/scopes/{}/resource/uploadsessions/{}/files/$count","Identity.Governance","Get-MgIdentityGovernanceEntitlementManagementResourceRequestCatalogResourceScopeResourceUploadSessionFileCount","suppress","System.Object[]","/identitygovernance/entitlementmanagement/resourcerequests/{}/catalog/resourcescopes/{}/resource/uploadsessions/{}/files/$count",""
"GET","/identitygovernance/entitlementmanagement/resourcerequests/{}/catalog/resources/{}/scopes/{}/resource/uploadsessions/$count","Identity.Governance","Get-MgIdentityGovernanceEntitlementManagementResourceRequestCatalogResourceScopeResourceUploadSessionCount","suppress","System.Object[]","/identitygovernance/entitlementmanagement/resourcerequests/{}/catalog/resourcescopes/{}/resource/uploadsessions/$count",""
"GET","/identitygovernance/entitlementmanagement/resourcerequests/{}/catalog/resources/{}/scopes/$count","Identity.Governance","Get-MgIdentityGovernanceEntitlementManagementResourceRequestCatalogResourceScopeCount","rename","System.Object[]","/identitygovernance/entitlementmanagement/resourcerequests/{}/catalog/resourcescopes/$count",""
"GET","/identitygovernance/entitlementmanagement/resourcerequests/{}/catalog/resourcescopes","Identity.Governance","Get-MgIdentityGovernanceEntitlementManagementResourceRequestCatalogResourceScope","rename","System.Object[]","/identitygovernance/entitlementmanagement/resourcerequests/{}/catalog/resources/{}/scopes",""
"GET","/identitygovernance/entitlementmanagement/resourcerequests/{}/catalog/resourcescopes/{}","Identity.Governance","Get-MgIdentityGovernanceEntitlementManagementResourceRequestCatalogResourceScope","rename","System.Object[]","/identitygovernance/entitlementmanagement/resourcerequests/{}/catalog/resources/{}/scopes",""
"GET","/identitygovernance/entitlementmanagement/resourcerequests/{}/catalog/resourcescopes/{}/resource","Identity.Governance","Get-MgIdentityGovernanceEntitlementManagementResourceRequestCatalogResourceScopeResource","suppress","System.Object[]","/identitygovernance/entitlementmanagement/resourcerequests/{}/catalog/resources/{}/scopes/{}/resource","Get-MgEntitlementManagementResourceRequestCatalogResourceScopeResource"
"GET","/identitygovernance/entitlementmanagement/resourcerequests/{}/catalog/resourcescopes/{}/resource/environment","Identity.Governance","Get-MgIdentityGovernanceEntitlementManagementResourceRequestCatalogResourceScopeResourceEnvironment","suppress","System.Object[]","/identitygovernance/entitlementmanagement/resourcerequests/{}/catalog/resources/{}/scopes/{}/resource/environment","Get-MgEntitlementManagementResourceRequestCatalogResourceScopeResourceEnvironment"
"GET","/identitygovernance/entitlementmanagement/resourcerequests/{}/catalog/resourcescopes/{}/resource/externaloriginresourceconnector","Identity.Governance","Get-MgIdentityGovernanceEntitlementManagementResourceRequestCatalogResourceScopeResourceExternalOriginResourceConnector","suppress","System.Object[]","/identitygovernance/entitlementmanagement/resourcerequests/{}/catalog/resources/{}/scopes/{}/resource/externaloriginresourceconnector",""
"GET","/identitygovernance/entitlementmanagement/resourcerequests/{}/catalog/resourcescopes/{}/resource/roles","Identity.Governance","Get-MgIdentityGovernanceEntitlementManagementResourceRequestCatalogResourceScopeResourceRole","suppress","System.Object[]","/identitygovernance/entitlementmanagement/resourcerequests/{}/catalog/resources/{}/scopes/{}/resource/roles","Get-MgEntitlementManagementResourceRequestCatalogResourceScopeResourceRole"
"GET","/identitygovernance/entitlementmanagement/resourcerequests/{}/catalog/resourcescopes/{}/resource/roles/{}","Identity.Governance","Get-MgIdentityGovernanceEntitlementManagementResourceRequestCatalogResourceScopeResourceRole","suppress","System.Object[]","/identitygovernance/entitlementmanagement/resourcerequests/{}/catalog/resources/{}/scopes/{}/resource/roles","Get-MgEntitlementManagementResourceRequestCatalogResourceScopeResourceRole"
"GET","/identitygovernance/entitlementmanagement/resourcerequests/{}/catalog/resourcescopes/{}/resource/roles/{}/resource","Identity.Governance","Get-MgIdentityGovernanceEntitlementManagementResourceRequestCatalogResourceScopeResourceRoleResource","suppress","System.Object[]","/identitygovernance/entitlementmanagement/resourcerequests/{}/catalog/resources/{}/scopes/{}/resource/roles/{}/resource","Get-MgEntitlementManagementResourceRequestCatalogResourceScopeResourceRoleResource"
"GET","/identitygovernance/entitlementmanagement/resourcerequests/{}/catalog/resourcescopes/{}/resource/roles/{}/resource/environment","Identity.Governance","Get-MgIdentityGovernanceEntitlementManagementResourceRequestCatalogResourceScopeResourceRoleResourceEnvironment","suppress","System.Object[]","/identitygovernance/entitlementmanagement/resourcerequests/{}/catalog/resources/{}/scopes/{}/resource/roles/{}/resource/environment","Get-MgEntitlementManagementResourceRequestCatalogResourceScopeResourceRoleResourceEnvironment"
"GET","/identitygovernance/entitlementmanagement/resourcerequests/{}/catalog/resourcescopes/{}/resource/roles/{}/resource/externaloriginresourceconnector","Identity.Governance","Get-MgIdentityGovernanceEntitlementManagementResourceRequestCatalogResourceScopeResourceRoleResourceExternalOriginResourceConnector","suppress","System.Object[]","/identitygovernance/entitlementmanagement/resourcerequests/{}/catalog/resources/{}/scopes/{}/resource/roles/{}/resource/externaloriginresourceconnector",""
"GET","/identitygovernance/entitlementmanagement/resourcerequests/{}/catalog/resourcescopes/{}/resource/roles/{}/resource/uploadsessions","Identity.Governance","Get-MgIdentityGovernanceEntitlementManagementResourceRequestCatalogResourceScopeResourceRoleResourceUploadSession","suppress","System.Object[]","/identitygovernance/entitlementmanagement/resourcerequests/{}/catalog/resources/{}/scopes/{}/resource/roles/{}/resource/uploadsessions",""
"GET","/identitygovernance/entitlementmanagement/resourcerequests/{}/catalog/resourcescopes/{}/resource/roles/{}/resource/uploadsessions/{}","Identity.Governance","Get-MgIdentityGovernanceEntitlementManagementResourceRequestCatalogResourceScopeResourceRoleResourceUploadSession","suppress","System.Object[]","/identitygovernance/entitlementmanagement/resourcerequests/{}/catalog/resources/{}/scopes/{}/resource/roles/{}/resource/uploadsessions",""
"GET","/identitygovernance/entitlementmanagement/resourcerequests/{}/catalog/resourcescopes/{}/resource/roles/{}/resource/uploadsessions/{}/files","Identity.Governance","Get-MgIdentityGovernanceEntitlementManagementResourceRequestCatalogResourceScopeResourceRoleResourceUploadSessionFile","suppress","System.Object[]","/identitygovernance/entitlementmanagement/resourcerequests/{}/catalog/resources/{}/scopes/{}/resource/roles/{}/resource/uploadsessions/{}/files",""
"GET","/identitygovernance/entitlementmanagement/resourcerequests/{}/catalog/resourcescopes/{}/resource/roles/{}/resource/uploadsessions/{}/files/{}","Identity.Governance","Get-MgIdentityGovernanceEntitlementManagementResourceRequestCatalogResourceScopeResourceRoleResourceUploadSessionFile","suppress","System.Object[]","/identitygovernance/entitlementmanagement/resourcerequests/{}/catalog/resources/{}/scopes/{}/resource/roles/{}/resource/uploadsessions/{}/files",""
"GET","/identitygovernance/entitlementmanagement/resourcerequests/{}/catalog/resourcescopes/{}/resource/roles/{}/resource/uploadsessions/{}/files/{}/$value","Identity.Governance","Get-MgIdentityGovernanceEntitlementManagementResourceRequestCatalogResourceScopeResourceRoleResourceUploadSessionFileContent","suppress","System.Object[]","/identitygovernance/entitlementmanagement/resourcerequests/{}/catalog/resources/{}/scopes/{}/resource/roles/{}/resource/uploadsessions/{}/files/{}/$value",""
"GET","/identitygovernance/entitlementmanagement/resourcerequests/{}/catalog/resourcescopes/{}/resource/roles/{}/resource/uploadsessions/{}/files/$count","Identity.Governance","Get-MgIdentityGovernanceEntitlementManagementResourceRequestCatalogResourceScopeResourceRoleResourceUploadSessionFileCount","suppress","System.Object[]","/identitygovernance/entitlementmanagement/resourcerequests/{}/catalog/resources/{}/scopes/{}/resource/roles/{}/resource/uploadsessions/{}/files/$count",""
"GET","/identitygovernance/entitlementmanagement/resourcerequests/{}/catalog/resourcescopes/{}/resource/roles/{}/resource/uploadsessions/$count","Identity.Governance","Get-MgIdentityGovernanceEntitlementManagementResourceRequestCatalogResourceScopeResourceRoleResourceUploadSessionCount","suppress","System.Object[]","/identitygovernance/entitlementmanagement/resourcerequests/{}/catalog/resources/{}/scopes/{}/resource/roles/{}/resource/uploadsessions/$count",""
"GET","/identitygovernance/entitlementmanagement/resourcerequests/{}/catalog/resourcescopes/{}/resource/roles/$count","Identity.Governance","Get-MgIdentityGovernanceEntitlementManagementResourceRequestCatalogResourceScopeResourceRoleCount","suppress","System.Object[]","/identitygovernance/entitlementmanagement/resourcerequests/{}/catalog/resources/{}/scopes/{}/resource/roles/$count","Get-MgEntitlementManagementResourceRequestCatalogResourceScopeResourceRoleCount"
"GET","/identitygovernance/entitlementmanagement/resourcerequests/{}/catalog/resourcescopes/{}/resource/uploadsessions","Identity.Governance","Get-MgIdentityGovernanceEntitlementManagementResourceRequestCatalogResourceScopeResourceUploadSession","suppress","System.Object[]","/identitygovernance/entitlementmanagement/resourcerequests/{}/catalog/resources/{}/scopes/{}/resource/uploadsessions",""
"GET","/identitygovernance/entitlementmanagement/resourcerequests/{}/catalog/resourcescopes/{}/resource/uploadsessions/{}","Identity.Governance","Get-MgIdentityGovernanceEntitlementManagementResourceRequestCatalogResourceScopeResourceUploadSession","suppress","System.Object[]","/identitygovernance/entitlementmanagement/resourcerequests/{}/catalog/resources/{}/scopes/{}/resource/uploadsessions",""
"GET","/identitygovernance/entitlementmanagement/resourcerequests/{}/catalog/resourcescopes/{}/resource/uploadsessions/{}/files","Identity.Governance","Get-MgIdentityGovernanceEntitlementManagementResourceRequestCatalogResourceScopeResourceUploadSessionFile","suppress","System.Object[]","/identitygovernance/entitlementmanagement/resourcerequests/{}/catalog/resources/{}/scopes/{}/resource/uploadsessions/{}/files",""
"GET","/identitygovernance/entitlementmanagement/resourcerequests/{}/catalog/resourcescopes/{}/resource/uploadsessions/{}/files/{}","Identity.Governance","Get-MgIdentityGovernanceEntitlementManagementResourceRequestCatalogResourceScopeResourceUploadSessionFile","suppress","System.Object[]","/identitygovernance/entitlementmanagement/resourcerequests/{}/catalog/resources/{}/scopes/{}/resource/uploadsessions/{}/files",""
"GET","/identitygovernance/entitlementmanagement/resourcerequests/{}/catalog/resourcescopes/{}/resource/uploadsessions/{}/files/{}/$value","Identity.Governance","Get-MgIdentityGovernanceEntitlementManagementResourceRequestCatalogResourceScopeResourceUploadSessionFileContent","suppress","System.Object[]","/identitygovernance/entitlementmanagement/resourcerequests/{}/catalog/resources/{}/scopes/{}/resource/uploadsessions/{}/files/{}/$value",""
"GET","/identitygovernance/entitlementmanagement/resourcerequests/{}/catalog/resourcescopes/{}/resource/uploadsessions/{}/files/$count","Identity.Governance","Get-MgIdentityGovernanceEntitlementManagementResourceRequestCatalogResourceScopeResourceUploadSessionFileCount","suppress","System.Object[]","/identitygovernance/entitlementmanagement/resourcerequests/{}/catalog/resources/{}/scopes/{}/resource/uploadsessions/{}/files/$count",""
"GET","/identitygovernance/entitlementmanagement/resourcerequests/{}/catalog/resourcescopes/{}/resource/uploadsessions/$count","Identity.Governance","Get-MgIdentityGovernanceEntitlementManagementResourceRequestCatalogResourceScopeResourceUploadSessionCount","suppress","System.Object[]","/identitygovernance/entitlementmanagement/resourcerequests/{}/catalog/resources/{}/scopes/{}/resource/uploadsessions/$count",""
"GET","/identitygovernance/entitlementmanagement/resourcerequests/{}/catalog/resourcescopes/$count","Identity.Governance","Get-MgIdentityGovernanceEntitlementManagementResourceRequestCatalogResourceScopeCount","suppress","System.Object[]","/identitygovernance/entitlementmanagement/resourcerequests/{}/catalog/resources/{}/scopes/$count","Get-MgEntitlementManagementResourceRequestCatalogResourceScopeCount"
"GET","/security/threatintelligence/articleindicators/$count","Security","Get-MgSecurityThreatIntelligenceArticleIndicatorCount","keep","System.Object[]","/security/threatintelligence/articles/{}/indicators/$count",""
"GET","/security/threatintelligence/articles/{}/indicators/$count","Security","Get-MgSecurityThreatIntelligenceArticleIndicatorCount","suppress","System.Object[]","/security/threatintelligence/articleindicators/$count","Get-MgSecurityThreatIntelligenceArticleIndicatorCount"
"GET","/security/threatintelligence/hostcomponents/$count","Security","Get-MgSecurityThreatIntelligenceHostComponentCount","keep","System.Object[]","/security/threatintelligence/hosts/{}/components/$count",""
"GET","/security/threatintelligence/hostcookies/$count","Security","Get-MgSecurityThreatIntelligenceHostCookieCount","keep","System.Object[]","/security/threatintelligence/hosts/{}/cookies/$count",""
"GET","/security/threatintelligence/hostpairs/$count","Security","Get-MgSecurityThreatIntelligenceHostPairCount","keep","System.Object[]","/security/threatintelligence/hosts/{}/hostpairs/$count",""
"GET","/security/threatintelligence/hostports/$count","Security","Get-MgSecurityThreatIntelligenceHostPortCount","keep","System.Object[]","/security/threatintelligence/hosts/{}/ports/$count",""
"GET","/security/threatintelligence/hosts/{}/components/$count","Security","Get-MgSecurityThreatIntelligenceHostComponentCount","suppress","System.Object[]","/security/threatintelligence/hostcomponents/$count","Get-MgSecurityThreatIntelligenceHostComponentCount"
"GET","/security/threatintelligence/hosts/{}/cookies/$count","Security","Get-MgSecurityThreatIntelligenceHostCookieCount","suppress","System.Object[]","/security/threatintelligence/hostcookies/$count","Get-MgSecurityThreatIntelligenceHostCookieCount"
"GET","/security/threatintelligence/hosts/{}/hostpairs/$count","Security","Get-MgSecurityThreatIntelligenceHostPairCount","suppress","System.Object[]","/security/threatintelligence/hostpairs/$count","Get-MgSecurityThreatIntelligenceHostPairCount"
"GET","/security/threatintelligence/hosts/{}/ports/$count","Security","Get-MgSecurityThreatIntelligenceHostPortCount","suppress","System.Object[]","/security/threatintelligence/hostports/$count","Get-MgSecurityThreatIntelligenceHostPortCount"
"GET","/security/threatintelligence/hosts/{}/sslcertificates/$count","Security","Get-MgSecurityThreatIntelligenceHostSslCertificateCount","keep","System.Object[]","/security/threatintelligence/hostsslcertificates/$count",""
"GET","/security/threatintelligence/hosts/{}/trackers/$count","Security","Get-MgSecurityThreatIntelligenceHostTrackerCount","keep","System.Object[]","/security/threatintelligence/hosttrackers/$count",""
"GET","/security/threatintelligence/hostsslcertificates/$count","Security","Get-MgSecurityThreatIntelligenceHostSslCertificateCount","suppress","System.Object[]","/security/threatintelligence/hosts/{}/sslcertificates/$count","Get-MgSecurityThreatIntelligenceHostSslCertificateCount"
"GET","/security/threatintelligence/hosttrackers/$count","Security","Get-MgSecurityThreatIntelligenceHostTrackerCount","suppress","System.Object[]","/security/threatintelligence/hosts/{}/trackers/$count","Get-MgSecurityThreatIntelligenceHostTrackerCount"
"GET","/shares/{}/list/items","Files","Get-MgShareListItem","suppress-deferred","System.Object[]","/shares/{}/listitem","Get-MgShareListItem"
"GET","/shares/{}/listitem","Files","Get-MgShareListItem","keep","System.Object[]","/shares/{}/list/items","Get-MgShareListItem"
"GET","/sites/{}/onenote/notebooks/{}/sectiongroups","Notes","Get-MgSiteOnenoteNotebookSectionGroup","keep","System.Object[]","/sites/{}/onenote/notebooks/{}/sectiongroups/{};/sites/{}/onenote/notebooks/{}/sectiongroups/{}/sectiongroups;/sites/{}/onenote/notebooks/{}/sectiongroups/{}/sectiongroups/{}","Get-MgSiteOnenoteNotebookSectionGroup"
"GET","/sites/{}/onenote/notebooks/{}/sectiongroups/{}","Notes","Get-MgSiteOnenoteNotebookSectionGroup","keep","System.Object[]","/sites/{}/onenote/notebooks/{}/sectiongroups","Get-MgSiteOnenoteNotebookSectionGroup"
"GET","/sites/{}/onenote/notebooks/{}/sectiongroups/{}/sectiongroups","Notes","Get-MgSiteOnenoteNotebookSectionGroup","suppress","System.Object[]","/sites/{}/onenote/notebooks/{}/sectiongroups","Get-MgSiteOnenoteNotebookSectionGroup"
"GET","/sites/{}/onenote/notebooks/{}/sectiongroups/{}/sectiongroups/{}","Notes","Get-MgSiteOnenoteNotebookSectionGroup","suppress","System.Object[]","/sites/{}/onenote/notebooks/{}/sectiongroups","Get-MgSiteOnenoteNotebookSectionGroup"
"GET","/sites/{}/onenote/notebooks/{}/sectiongroups/{}/sectiongroups/$count","Notes","Get-MgSiteOnenoteNotebookSectionGroupCount","keep","System.Object[]","/sites/{}/onenote/notebooks/{}/sectiongroups/$count",""
"GET","/sites/{}/onenote/notebooks/{}/sectiongroups/$count","Notes","Get-MgSiteOnenoteNotebookSectionGroupCount","suppress","System.Object[]","/sites/{}/onenote/notebooks/{}/sectiongroups/{}/sectiongroups/$count","Get-MgSiteOnenoteNotebookSectionGroupCount"
"GET","/sites/{}/onenote/sectiongroups","Notes","Get-MgSiteOnenoteSectionGroup","keep","System.Object[]","/sites/{}/onenote/sectiongroups/{};/sites/{}/onenote/sectiongroups/{}/sectiongroups;/sites/{}/onenote/sectiongroups/{}/sectiongroups/{}","Get-MgSiteOnenoteSectionGroup"
"GET","/sites/{}/onenote/sectiongroups/{}","Notes","Get-MgSiteOnenoteSectionGroup","keep","System.Object[]","/sites/{}/onenote/sectiongroups","Get-MgSiteOnenoteSectionGroup"
"GET","/sites/{}/onenote/sectiongroups/{}/sectiongroups","Notes","Get-MgSiteOnenoteSectionGroup","suppress","System.Object[]","/sites/{}/onenote/sectiongroups","Get-MgSiteOnenoteSectionGroup"
"GET","/sites/{}/onenote/sectiongroups/{}/sectiongroups/{}","Notes","Get-MgSiteOnenoteSectionGroup","suppress","System.Object[]","/sites/{}/onenote/sectiongroups","Get-MgSiteOnenoteSectionGroup"
"GET","/sites/{}/onenote/sectiongroups/{}/sectiongroups/$count","Notes","Get-MgSiteOnenoteSectionGroupCount","keep","System.Object[]","/sites/{}/onenote/sectiongroups/$count",""
"GET","/sites/{}/onenote/sectiongroups/$count","Notes","Get-MgSiteOnenoteSectionGroupCount","suppress","System.Object[]","/sites/{}/onenote/sectiongroups/{}/sectiongroups/$count","Get-MgSiteOnenoteSectionGroupCount"
"GET","/sites/{}/sites/$count","Sites","Get-MgSiteCount","rename","System.Object[]","/sites/$count","Get-MgSiteCount"
"GET","/sites/{}/termstore/groups/{}/sets/{}/children","Sites","Get-MgSiteTermStoreGroupSetChild","keep","System.Object[]","/sites/{}/termstore/groups/{}/sets/{}/children/{};/sites/{}/termstore/groups/{}/sets/{}/children/{}/children;/sites/{}/termstore/groups/{}/sets/{}/children/{}/children/{}","Get-MgSiteTermStoreGroupSetChild"
"GET","/sites/{}/termstore/groups/{}/sets/{}/children/{}","Sites","Get-MgSiteTermStoreGroupSetChild","keep","System.Object[]","/sites/{}/termstore/groups/{}/sets/{}/children","Get-MgSiteTermStoreGroupSetChild"
"GET","/sites/{}/termstore/groups/{}/sets/{}/children/{}/children","Sites","Get-MgSiteTermStoreGroupSetChild","suppress","System.Object[]","/sites/{}/termstore/groups/{}/sets/{}/children","Get-MgSiteTermStoreGroupSetChild"
"GET","/sites/{}/termstore/groups/{}/sets/{}/children/{}/children/{}","Sites","Get-MgSiteTermStoreGroupSetChild","suppress","System.Object[]","/sites/{}/termstore/groups/{}/sets/{}/children","Get-MgSiteTermStoreGroupSetChild"
"GET","/sites/{}/termstore/groups/{}/sets/{}/children/{}/children/{}/relations","Sites","Get-MgSiteTermStoreGroupSetChildRelation","keep","System.Object[]","/sites/{}/termstore/groups/{}/sets/{}/children/{}/children/{}/relations/{};/sites/{}/termstore/groups/{}/sets/{}/children/{}/relations;/sites/{}/termstore/groups/{}/sets/{}/children/{}/relations/{}","Get-MgSiteTermStoreGroupSetChildRelation"
"GET","/sites/{}/termstore/groups/{}/sets/{}/children/{}/children/{}/relations/{}","Sites","Get-MgSiteTermStoreGroupSetChildRelation","keep","System.Object[]","/sites/{}/termstore/groups/{}/sets/{}/children/{}/children/{}/relations","Get-MgSiteTermStoreGroupSetChildRelation"
"GET","/sites/{}/termstore/groups/{}/sets/{}/children/{}/children/{}/relations/{}/fromterm","Sites","Get-MgSiteTermStoreGroupSetChildRelationFromTerm","keep","System.Object[]","/sites/{}/termstore/groups/{}/sets/{}/children/{}/relations/{}/fromterm",""
"GET","/sites/{}/termstore/groups/{}/sets/{}/children/{}/children/{}/relations/{}/set","Sites","Get-MgSiteTermStoreGroupSetChildRelationSet","keep","System.Object[]","/sites/{}/termstore/groups/{}/sets/{}/children/{}/relations/{}/set",""
"GET","/sites/{}/termstore/groups/{}/sets/{}/children/{}/children/{}/relations/{}/toterm","Sites","Get-MgSiteTermStoreGroupSetChildRelationToTerm","keep","System.Object[]","/sites/{}/termstore/groups/{}/sets/{}/children/{}/relations/{}/toterm",""
"GET","/sites/{}/termstore/groups/{}/sets/{}/children/{}/children/{}/relations/$count","Sites","Get-MgSiteTermStoreGroupSetChildRelationCount","keep","System.Object[]","/sites/{}/termstore/groups/{}/sets/{}/children/{}/relations/$count",""
"GET","/sites/{}/termstore/groups/{}/sets/{}/children/{}/children/{}/set","Sites","Get-MgSiteTermStoreGroupSetChildSet","keep","System.Object[]","/sites/{}/termstore/groups/{}/sets/{}/children/{}/set",""
"GET","/sites/{}/termstore/groups/{}/sets/{}/children/{}/children/$count","Sites","Get-MgSiteTermStoreGroupSetChildCount","keep","System.Object[]","/sites/{}/termstore/groups/{}/sets/{}/children/$count",""
"GET","/sites/{}/termstore/groups/{}/sets/{}/children/{}/relations","Sites","Get-MgSiteTermStoreGroupSetChildRelation","suppress","System.Object[]","/sites/{}/termstore/groups/{}/sets/{}/children/{}/children/{}/relations","Get-MgSiteTermStoreGroupSetChildRelation"
"GET","/sites/{}/termstore/groups/{}/sets/{}/children/{}/relations/{}","Sites","Get-MgSiteTermStoreGroupSetChildRelation","suppress","System.Object[]","/sites/{}/termstore/groups/{}/sets/{}/children/{}/children/{}/relations","Get-MgSiteTermStoreGroupSetChildRelation"
"GET","/sites/{}/termstore/groups/{}/sets/{}/children/{}/relations/{}/fromterm","Sites","Get-MgSiteTermStoreGroupSetChildRelationFromTerm","suppress","System.Object[]","/sites/{}/termstore/groups/{}/sets/{}/children/{}/children/{}/relations/{}/fromterm","Get-MgSiteTermStoreGroupSetChildRelationFromTerm"
"GET","/sites/{}/termstore/groups/{}/sets/{}/children/{}/relations/{}/set","Sites","Get-MgSiteTermStoreGroupSetChildRelationSet","suppress","System.Object[]","/sites/{}/termstore/groups/{}/sets/{}/children/{}/children/{}/relations/{}/set","Get-MgSiteTermStoreGroupSetChildRelationSet"
"GET","/sites/{}/termstore/groups/{}/sets/{}/children/{}/relations/{}/toterm","Sites","Get-MgSiteTermStoreGroupSetChildRelationToTerm","suppress","System.Object[]","/sites/{}/termstore/groups/{}/sets/{}/children/{}/children/{}/relations/{}/toterm","Get-MgSiteTermStoreGroupSetChildRelationToTerm"
"GET","/sites/{}/termstore/groups/{}/sets/{}/children/{}/relations/$count","Sites","Get-MgSiteTermStoreGroupSetChildRelationCount","suppress","System.Object[]","/sites/{}/termstore/groups/{}/sets/{}/children/{}/children/{}/relations/$count","Get-MgSiteTermStoreGroupSetChildRelationCount"
"GET","/sites/{}/termstore/groups/{}/sets/{}/children/{}/set","Sites","Get-MgSiteTermStoreGroupSetChildSet","suppress","System.Object[]","/sites/{}/termstore/groups/{}/sets/{}/children/{}/children/{}/set","Get-MgSiteTermStoreGroupSetChildSet"
"GET","/sites/{}/termstore/groups/{}/sets/{}/children/$count","Sites","Get-MgSiteTermStoreGroupSetChildCount","suppress","System.Object[]","/sites/{}/termstore/groups/{}/sets/{}/children/{}/children/$count","Get-MgSiteTermStoreGroupSetChildCount"
"GET","/sites/{}/termstore/sets/{}/children","Sites","Get-MgSiteTermStoreSetChild","keep","System.Object[]","/sites/{}/termstore/sets/{}/children/{};/sites/{}/termstore/sets/{}/children/{}/children;/sites/{}/termstore/sets/{}/children/{}/children/{}","Get-MgSiteTermStoreSetChild"
"GET","/sites/{}/termstore/sets/{}/children/{}","Sites","Get-MgSiteTermStoreSetChild","keep","System.Object[]","/sites/{}/termstore/sets/{}/children","Get-MgSiteTermStoreSetChild"
"GET","/sites/{}/termstore/sets/{}/children/{}/children","Sites","Get-MgSiteTermStoreSetChild","suppress","System.Object[]","/sites/{}/termstore/sets/{}/children","Get-MgSiteTermStoreSetChild"
"GET","/sites/{}/termstore/sets/{}/children/{}/children/{}","Sites","Get-MgSiteTermStoreSetChild","suppress","System.Object[]","/sites/{}/termstore/sets/{}/children","Get-MgSiteTermStoreSetChild"
"GET","/sites/{}/termstore/sets/{}/children/{}/children/{}/relations","Sites","Get-MgSiteTermStoreSetChildRelation","keep","System.Object[]","/sites/{}/termstore/sets/{}/children/{}/children/{}/relations/{};/sites/{}/termstore/sets/{}/children/{}/relations;/sites/{}/termstore/sets/{}/children/{}/relations/{}","Get-MgSiteTermStoreSetChildRelation"
"GET","/sites/{}/termstore/sets/{}/children/{}/children/{}/relations/{}","Sites","Get-MgSiteTermStoreSetChildRelation","keep","System.Object[]","/sites/{}/termstore/sets/{}/children/{}/children/{}/relations","Get-MgSiteTermStoreSetChildRelation"
"GET","/sites/{}/termstore/sets/{}/children/{}/children/{}/relations/{}/fromterm","Sites","Get-MgSiteTermStoreSetChildRelationFromTerm","keep","System.Object[]","/sites/{}/termstore/sets/{}/children/{}/relations/{}/fromterm",""
"GET","/sites/{}/termstore/sets/{}/children/{}/children/{}/relations/{}/set","Sites","Get-MgSiteTermStoreSetChildRelationSet","keep","System.Object[]","/sites/{}/termstore/sets/{}/children/{}/relations/{}/set",""
"GET","/sites/{}/termstore/sets/{}/children/{}/children/{}/relations/{}/toterm","Sites","Get-MgSiteTermStoreSetChildRelationToTerm","keep","System.Object[]","/sites/{}/termstore/sets/{}/children/{}/relations/{}/toterm",""
"GET","/sites/{}/termstore/sets/{}/children/{}/children/{}/relations/$count","Sites","Get-MgSiteTermStoreSetChildRelationCount","keep","System.Object[]","/sites/{}/termstore/sets/{}/children/{}/relations/$count",""
"GET","/sites/{}/termstore/sets/{}/children/{}/children/{}/set","Sites","Get-MgSiteTermStoreSetChildSet","keep","System.Object[]","/sites/{}/termstore/sets/{}/children/{}/set",""
"GET","/sites/{}/termstore/sets/{}/children/{}/children/$count","Sites","Get-MgSiteTermStoreSetChildCount","keep","System.Object[]","/sites/{}/termstore/sets/{}/children/$count",""
"GET","/sites/{}/termstore/sets/{}/children/{}/relations","Sites","Get-MgSiteTermStoreSetChildRelation","suppress","System.Object[]","/sites/{}/termstore/sets/{}/children/{}/children/{}/relations","Get-MgSiteTermStoreSetChildRelation"
"GET","/sites/{}/termstore/sets/{}/children/{}/relations/{}","Sites","Get-MgSiteTermStoreSetChildRelation","suppress","System.Object[]","/sites/{}/termstore/sets/{}/children/{}/children/{}/relations","Get-MgSiteTermStoreSetChildRelation"
"GET","/sites/{}/termstore/sets/{}/children/{}/relations/{}/fromterm","Sites","Get-MgSiteTermStoreSetChildRelationFromTerm","suppress","System.Object[]","/sites/{}/termstore/sets/{}/children/{}/children/{}/relations/{}/fromterm","Get-MgSiteTermStoreSetChildRelationFromTerm"
"GET","/sites/{}/termstore/sets/{}/children/{}/relations/{}/set","Sites","Get-MgSiteTermStoreSetChildRelationSet","suppress","System.Object[]","/sites/{}/termstore/sets/{}/children/{}/children/{}/relations/{}/set","Get-MgSiteTermStoreSetChildRelationSet"
"GET","/sites/{}/termstore/sets/{}/children/{}/relations/{}/toterm","Sites","Get-MgSiteTermStoreSetChildRelationToTerm","suppress","System.Object[]","/sites/{}/termstore/sets/{}/children/{}/children/{}/relations/{}/toterm","Get-MgSiteTermStoreSetChildRelationToTerm"
"GET","/sites/{}/termstore/sets/{}/children/{}/relations/$count","Sites","Get-MgSiteTermStoreSetChildRelationCount","suppress","System.Object[]","/sites/{}/termstore/sets/{}/children/{}/children/{}/relations/$count","Get-MgSiteTermStoreSetChildRelationCount"
"GET","/sites/{}/termstore/sets/{}/children/{}/set","Sites","Get-MgSiteTermStoreSetChildSet","suppress","System.Object[]","/sites/{}/termstore/sets/{}/children/{}/children/{}/set","Get-MgSiteTermStoreSetChildSet"
"GET","/sites/{}/termstore/sets/{}/children/$count","Sites","Get-MgSiteTermStoreSetChildCount","suppress","System.Object[]","/sites/{}/termstore/sets/{}/children/{}/children/$count","Get-MgSiteTermStoreSetChildCount"
"GET","/sites/{}/termstore/sets/{}/parentgroup/sets/{}/children","Sites","Get-MgSiteTermStoreSetParentGroupSetChild","keep","System.Object[]","/sites/{}/termstore/sets/{}/parentgroup/sets/{}/children/{};/sites/{}/termstore/sets/{}/parentgroup/sets/{}/children/{}/children;/sites/{}/termstore/sets/{}/parentgroup/sets/{}/children/{}/children/{}","Get-MgSiteTermStoreSetParentGroupSetChild"
"GET","/sites/{}/termstore/sets/{}/parentgroup/sets/{}/children/{}","Sites","Get-MgSiteTermStoreSetParentGroupSetChild","keep","System.Object[]","/sites/{}/termstore/sets/{}/parentgroup/sets/{}/children","Get-MgSiteTermStoreSetParentGroupSetChild"
"GET","/sites/{}/termstore/sets/{}/parentgroup/sets/{}/children/{}/children","Sites","Get-MgSiteTermStoreSetParentGroupSetChild","suppress","System.Object[]","/sites/{}/termstore/sets/{}/parentgroup/sets/{}/children","Get-MgSiteTermStoreSetParentGroupSetChild"
"GET","/sites/{}/termstore/sets/{}/parentgroup/sets/{}/children/{}/children/{}","Sites","Get-MgSiteTermStoreSetParentGroupSetChild","suppress","System.Object[]","/sites/{}/termstore/sets/{}/parentgroup/sets/{}/children","Get-MgSiteTermStoreSetParentGroupSetChild"
"GET","/sites/{}/termstore/sets/{}/parentgroup/sets/{}/children/{}/children/{}/relations","Sites","Get-MgSiteTermStoreSetParentGroupSetChildRelation","keep","System.Object[]","/sites/{}/termstore/sets/{}/parentgroup/sets/{}/children/{}/children/{}/relations/{};/sites/{}/termstore/sets/{}/parentgroup/sets/{}/children/{}/relations;/sites/{}/termstore/sets/{}/parentgroup/sets/{}/children/{}/relations/{}","Get-MgSiteTermStoreSetParentGroupSetChildRelation"
"GET","/sites/{}/termstore/sets/{}/parentgroup/sets/{}/children/{}/children/{}/relations/{}","Sites","Get-MgSiteTermStoreSetParentGroupSetChildRelation","keep","System.Object[]","/sites/{}/termstore/sets/{}/parentgroup/sets/{}/children/{}/children/{}/relations","Get-MgSiteTermStoreSetParentGroupSetChildRelation"
"GET","/sites/{}/termstore/sets/{}/parentgroup/sets/{}/children/{}/children/{}/relations/{}/fromterm","Sites","Get-MgSiteTermStoreSetParentGroupSetChildRelationFromTerm","keep","System.Object[]","/sites/{}/termstore/sets/{}/parentgroup/sets/{}/children/{}/relations/{}/fromterm",""
"GET","/sites/{}/termstore/sets/{}/parentgroup/sets/{}/children/{}/children/{}/relations/{}/set","Sites","Get-MgSiteTermStoreSetParentGroupSetChildRelationSet","keep","System.Object[]","/sites/{}/termstore/sets/{}/parentgroup/sets/{}/children/{}/relations/{}/set",""
"GET","/sites/{}/termstore/sets/{}/parentgroup/sets/{}/children/{}/children/{}/relations/{}/toterm","Sites","Get-MgSiteTermStoreSetParentGroupSetChildRelationToTerm","keep","System.Object[]","/sites/{}/termstore/sets/{}/parentgroup/sets/{}/children/{}/relations/{}/toterm",""
"GET","/sites/{}/termstore/sets/{}/parentgroup/sets/{}/children/{}/children/{}/relations/$count","Sites","Get-MgSiteTermStoreSetParentGroupSetChildRelationCount","keep","System.Object[]","/sites/{}/termstore/sets/{}/parentgroup/sets/{}/children/{}/relations/$count",""
"GET","/sites/{}/termstore/sets/{}/parentgroup/sets/{}/children/{}/children/{}/set","Sites","Get-MgSiteTermStoreSetParentGroupSetChildSet","keep","System.Object[]","/sites/{}/termstore/sets/{}/parentgroup/sets/{}/children/{}/set",""
"GET","/sites/{}/termstore/sets/{}/parentgroup/sets/{}/children/{}/children/$count","Sites","Get-MgSiteTermStoreSetParentGroupSetChildCount","keep","System.Object[]","/sites/{}/termstore/sets/{}/parentgroup/sets/{}/children/$count",""
"GET","/sites/{}/termstore/sets/{}/parentgroup/sets/{}/children/{}/relations","Sites","Get-MgSiteTermStoreSetParentGroupSetChildRelation","suppress","System.Object[]","/sites/{}/termstore/sets/{}/parentgroup/sets/{}/children/{}/children/{}/relations","Get-MgSiteTermStoreSetParentGroupSetChildRelation"
"GET","/sites/{}/termstore/sets/{}/parentgroup/sets/{}/children/{}/relations/{}","Sites","Get-MgSiteTermStoreSetParentGroupSetChildRelation","suppress","System.Object[]","/sites/{}/termstore/sets/{}/parentgroup/sets/{}/children/{}/children/{}/relations","Get-MgSiteTermStoreSetParentGroupSetChildRelation"
"GET","/sites/{}/termstore/sets/{}/parentgroup/sets/{}/children/{}/relations/{}/fromterm","Sites","Get-MgSiteTermStoreSetParentGroupSetChildRelationFromTerm","suppress","System.Object[]","/sites/{}/termstore/sets/{}/parentgroup/sets/{}/children/{}/children/{}/relations/{}/fromterm","Get-MgSiteTermStoreSetParentGroupSetChildRelationFromTerm"
"GET","/sites/{}/termstore/sets/{}/parentgroup/sets/{}/children/{}/relations/{}/set","Sites","Get-MgSiteTermStoreSetParentGroupSetChildRelationSet","suppress","System.Object[]","/sites/{}/termstore/sets/{}/parentgroup/sets/{}/children/{}/children/{}/relations/{}/set","Get-MgSiteTermStoreSetParentGroupSetChildRelationSet"
"GET","/sites/{}/termstore/sets/{}/parentgroup/sets/{}/children/{}/relations/{}/toterm","Sites","Get-MgSiteTermStoreSetParentGroupSetChildRelationToTerm","suppress","System.Object[]","/sites/{}/termstore/sets/{}/parentgroup/sets/{}/children/{}/children/{}/relations/{}/toterm","Get-MgSiteTermStoreSetParentGroupSetChildRelationToTerm"
"GET","/sites/{}/termstore/sets/{}/parentgroup/sets/{}/children/{}/relations/$count","Sites","Get-MgSiteTermStoreSetParentGroupSetChildRelationCount","suppress","System.Object[]","/sites/{}/termstore/sets/{}/parentgroup/sets/{}/children/{}/children/{}/relations/$count","Get-MgSiteTermStoreSetParentGroupSetChildRelationCount"
"GET","/sites/{}/termstore/sets/{}/parentgroup/sets/{}/children/{}/set","Sites","Get-MgSiteTermStoreSetParentGroupSetChildSet","suppress","System.Object[]","/sites/{}/termstore/sets/{}/parentgroup/sets/{}/children/{}/children/{}/set","Get-MgSiteTermStoreSetParentGroupSetChildSet"
"GET","/sites/{}/termstore/sets/{}/parentgroup/sets/{}/children/$count","Sites","Get-MgSiteTermStoreSetParentGroupSetChildCount","suppress","System.Object[]","/sites/{}/termstore/sets/{}/parentgroup/sets/{}/children/{}/children/$count","Get-MgSiteTermStoreSetParentGroupSetChildCount"
"GET","/sites/$count","Sites","Get-MgSiteCount","keep","System.Object[]","/sites/{}/sites/$count","Get-MgSubSiteCount"
"GET","/users/{}/calendar/allowedcalendarsharingroles(user='{}')","Calendar","Get-MgUserCalendarAllowedCalendarSharingRolesWithUser","rename","System.Object[]","/users/{}/calendars/{}/allowedcalendarsharingroles(user='{}')",""
"GET","/users/{}/calendar/calendarview","Calendar","Get-MgUserCalendarView","keep","System.Object[]","/users/{}/calendars/{}/calendarview;/users/{}/calendarview",""
"GET","/users/{}/calendar/calendarview/delta","Calendar","Get-MgUserCalendarViewDelta","suppress","System.Object[]","/users/{}/calendars/{}/calendarview/delta;/users/{}/calendarview/delta",""
"GET","/users/{}/calendar/events/$count","Calendar","Get-MgUserCalendarEventCount","suppress","System.Object[]","/users/{}/calendars/{}/events/$count",""
"GET","/users/{}/calendar/events/delta","Calendar","Get-MgUserCalendarEventDelta","suppress","System.Object[]","/users/{}/calendars/{}/events/delta",""
"GET","/users/{}/calendars/{}/allowedcalendarsharingroles(user='{}')","Calendar","Get-MgUserCalendarAllowedCalendarSharingRolesWithUser","suppress","System.Object[]","/users/{}/calendar/allowedcalendarsharingroles(user='{}')","Invoke-MgCalendarUserCalendarAllowedCalendarSharingRoles"
"GET","/users/{}/calendars/{}/calendarview","Calendar","Get-MgUserCalendarView","suppress","System.Object[]","/users/{}/calendar/calendarview","Get-MgUserCalendarView"
"GET","/users/{}/calendars/{}/calendarview/delta","Calendar","Get-MgUserCalendarViewDelta","suppress","System.Object[]","/users/{}/calendar/calendarview/delta",""
"GET","/users/{}/calendars/{}/events/$count","Calendar","Get-MgUserCalendarEventCount","suppress","System.Object[]","/users/{}/calendar/events/$count",""
"GET","/users/{}/calendars/{}/events/delta","Calendar","Get-MgUserCalendarEventDelta","suppress","System.Object[]","/users/{}/calendar/events/delta",""
"GET","/users/{}/calendarview","Calendar","Get-MgUserCalendarView","suppress","System.Object[]","/users/{}/calendar/calendarview","Get-MgUserCalendarView"
"GET","/users/{}/calendarview/delta","Calendar","Get-MgUserCalendarViewDelta","suppress","System.Object[]","/users/{}/calendar/calendarview/delta",""
"GET","/users/{}/onenote/notebooks/{}/sectiongroups","Notes","Get-MgUserOnenoteNotebookSectionGroup","keep","System.Object[]","/users/{}/onenote/notebooks/{}/sectiongroups/{};/users/{}/onenote/notebooks/{}/sectiongroups/{}/sectiongroups;/users/{}/onenote/notebooks/{}/sectiongroups/{}/sectiongroups/{}","Get-MgUserOnenoteNotebookSectionGroup"
"GET","/users/{}/onenote/notebooks/{}/sectiongroups/{}","Notes","Get-MgUserOnenoteNotebookSectionGroup","keep","System.Object[]","/users/{}/onenote/notebooks/{}/sectiongroups","Get-MgUserOnenoteNotebookSectionGroup"
"GET","/users/{}/onenote/notebooks/{}/sectiongroups/{}/sectiongroups","Notes","Get-MgUserOnenoteNotebookSectionGroup","suppress","System.Object[]","/users/{}/onenote/notebooks/{}/sectiongroups","Get-MgUserOnenoteNotebookSectionGroup"
"GET","/users/{}/onenote/notebooks/{}/sectiongroups/{}/sectiongroups/{}","Notes","Get-MgUserOnenoteNotebookSectionGroup","suppress","System.Object[]","/users/{}/onenote/notebooks/{}/sectiongroups","Get-MgUserOnenoteNotebookSectionGroup"
"GET","/users/{}/onenote/notebooks/{}/sectiongroups/{}/sectiongroups/$count","Notes","Get-MgUserOnenoteNotebookSectionGroupCount","keep","System.Object[]","/users/{}/onenote/notebooks/{}/sectiongroups/$count",""
"GET","/users/{}/onenote/notebooks/{}/sectiongroups/$count","Notes","Get-MgUserOnenoteNotebookSectionGroupCount","suppress","System.Object[]","/users/{}/onenote/notebooks/{}/sectiongroups/{}/sectiongroups/$count","Get-MgUserOnenoteNotebookSectionGroupCount"
"GET","/users/{}/onenote/sectiongroups","Notes","Get-MgUserOnenoteSectionGroup","keep","System.Object[]","/users/{}/onenote/sectiongroups/{};/users/{}/onenote/sectiongroups/{}/sectiongroups;/users/{}/onenote/sectiongroups/{}/sectiongroups/{}","Get-MgUserOnenoteSectionGroup"
"GET","/users/{}/onenote/sectiongroups/{}","Notes","Get-MgUserOnenoteSectionGroup","keep","System.Object[]","/users/{}/onenote/sectiongroups","Get-MgUserOnenoteSectionGroup"
"GET","/users/{}/onenote/sectiongroups/{}/sectiongroups","Notes","Get-MgUserOnenoteSectionGroup","suppress","System.Object[]","/users/{}/onenote/sectiongroups","Get-MgUserOnenoteSectionGroup"
"GET","/users/{}/onenote/sectiongroups/{}/sectiongroups/{}","Notes","Get-MgUserOnenoteSectionGroup","suppress","System.Object[]","/users/{}/onenote/sectiongroups","Get-MgUserOnenoteSectionGroup"
"GET","/users/{}/onenote/sectiongroups/{}/sectiongroups/$count","Notes","Get-MgUserOnenoteSectionGroupCount","keep","System.Object[]","/users/{}/onenote/sectiongroups/$count",""
"GET","/users/{}/onenote/sectiongroups/$count","Notes","Get-MgUserOnenoteSectionGroupCount","suppress","System.Object[]","/users/{}/onenote/sectiongroups/{}/sectiongroups/$count","Get-MgUserOnenoteSectionGroupCount"
"GET","/users/{}/photo/$value","Users","Get-MgUserPhotoContent","keep","System.Object[]","/users/{}/photos/{}/$value",""
"GET","/users/{}/photos/{}/$value","Users","Get-MgUserPhotoContent","suppress","System.Object[]","/users/{}/photo/$value","Get-MgUserPhotoContent"
"PATCH","/groups/{}/settings/{}","Groups","Update-MgGroupSetting","keep","System.Object[]","/groupsettings/{}",""
"PATCH","/groups/{}/sites/{}/termstore/groups/{}/sets/{}/children/{}","Sites","Update-MgGroupSiteTermStoreGroupSetChild","keep","System.Object[]","/groups/{}/sites/{}/termstore/groups/{}/sets/{}/children/{}/children/{}",""
"PATCH","/groups/{}/sites/{}/termstore/groups/{}/sets/{}/children/{}/children/{}","Sites","Update-MgGroupSiteTermStoreGroupSetChild","suppress","System.Object[]","/groups/{}/sites/{}/termstore/groups/{}/sets/{}/children/{}","Update-MgGroupSiteTermStoreGroupSetChild"
"PATCH","/groups/{}/sites/{}/termstore/groups/{}/sets/{}/children/{}/children/{}/relations/{}","Sites","Update-MgGroupSiteTermStoreGroupSetChildRelation","keep","System.Object[]","/groups/{}/sites/{}/termstore/groups/{}/sets/{}/children/{}/relations/{}",""
"PATCH","/groups/{}/sites/{}/termstore/groups/{}/sets/{}/children/{}/relations/{}","Sites","Update-MgGroupSiteTermStoreGroupSetChildRelation","suppress","System.Object[]","/groups/{}/sites/{}/termstore/groups/{}/sets/{}/children/{}/children/{}/relations/{}","Update-MgGroupSiteTermStoreGroupSetChildRelation"
"PATCH","/groups/{}/sites/{}/termstore/sets/{}/children/{}","Sites","Update-MgGroupSiteTermStoreSetChild","keep","System.Object[]","/groups/{}/sites/{}/termstore/sets/{}/children/{}/children/{}",""
"PATCH","/groups/{}/sites/{}/termstore/sets/{}/children/{}/children/{}","Sites","Update-MgGroupSiteTermStoreSetChild","suppress","System.Object[]","/groups/{}/sites/{}/termstore/sets/{}/children/{}","Update-MgGroupSiteTermStoreSetChild"
"PATCH","/groups/{}/sites/{}/termstore/sets/{}/children/{}/children/{}/relations/{}","Sites","Update-MgGroupSiteTermStoreSetChildRelation","keep","System.Object[]","/groups/{}/sites/{}/termstore/sets/{}/children/{}/relations/{}",""
"PATCH","/groups/{}/sites/{}/termstore/sets/{}/children/{}/relations/{}","Sites","Update-MgGroupSiteTermStoreSetChildRelation","suppress","System.Object[]","/groups/{}/sites/{}/termstore/sets/{}/children/{}/children/{}/relations/{}","Update-MgGroupSiteTermStoreSetChildRelation"
"PATCH","/groups/{}/sites/{}/termstore/sets/{}/parentgroup/sets/{}/children/{}","Sites","Update-MgGroupSiteTermStoreSetParentGroupSetChild","keep","System.Object[]","/groups/{}/sites/{}/termstore/sets/{}/parentgroup/sets/{}/children/{}/children/{}",""
"PATCH","/groups/{}/sites/{}/termstore/sets/{}/parentgroup/sets/{}/children/{}/children/{}","Sites","Update-MgGroupSiteTermStoreSetParentGroupSetChild","suppress","System.Object[]","/groups/{}/sites/{}/termstore/sets/{}/parentgroup/sets/{}/children/{}","Update-MgGroupSiteTermStoreSetParentGroupSetChild"
"PATCH","/groups/{}/sites/{}/termstore/sets/{}/parentgroup/sets/{}/children/{}/children/{}/relations/{}","Sites","Update-MgGroupSiteTermStoreSetParentGroupSetChildRelation","keep","System.Object[]","/groups/{}/sites/{}/termstore/sets/{}/parentgroup/sets/{}/children/{}/relations/{}",""
"PATCH","/groups/{}/sites/{}/termstore/sets/{}/parentgroup/sets/{}/children/{}/relations/{}","Sites","Update-MgGroupSiteTermStoreSetParentGroupSetChildRelation","suppress","System.Object[]","/groups/{}/sites/{}/termstore/sets/{}/parentgroup/sets/{}/children/{}/children/{}/relations/{}","Update-MgGroupSiteTermStoreSetParentGroupSetChildRelation"
"PATCH","/groupsettings/{}","Groups","Update-MgGroupSetting","suppress","System.Object[]","/groups/{}/settings/{}","Update-MgGroupSetting"
"PATCH","/identitygovernance/catalogs/{}/resourceroles/{}","Identity.Governance","Update-MgIdentityGovernanceCatalogResourceRole","suppress","System.Object[]","/identitygovernance/catalogs/{}/resources/{}/roles/{}",""
"PATCH","/identitygovernance/catalogs/{}/resourceroles/{}/resource","Identity.Governance","Update-MgIdentityGovernanceCatalogResourceRoleResource","suppress","System.Object[]","/identitygovernance/catalogs/{}/resources/{}/roles/{}/resource",""
"PATCH","/identitygovernance/catalogs/{}/resourceroles/{}/resource/scopes/{}","Identity.Governance","Update-MgIdentityGovernanceCatalogResourceRoleResourceScope","suppress","System.Object[]","/identitygovernance/catalogs/{}/resources/{}/roles/{}/resource/scopes/{}",""
"PATCH","/identitygovernance/catalogs/{}/resourceroles/{}/resource/scopes/{}/resource","Identity.Governance","Update-MgIdentityGovernanceCatalogResourceRoleResourceScopeResource","suppress","System.Object[]","/identitygovernance/catalogs/{}/resources/{}/roles/{}/resource/scopes/{}/resource",""
"PATCH","/identitygovernance/catalogs/{}/resourceroles/{}/resource/scopes/{}/resource/uploadsessions/{}","Identity.Governance","Update-MgIdentityGovernanceCatalogResourceRoleResourceScopeResourceUploadSession","suppress","System.Object[]","/identitygovernance/catalogs/{}/resources/{}/roles/{}/resource/scopes/{}/resource/uploadsessions/{}",""
"PATCH","/identitygovernance/catalogs/{}/resourceroles/{}/resource/uploadsessions/{}","Identity.Governance","Update-MgIdentityGovernanceCatalogResourceRoleResourceUploadSession","suppress","System.Object[]","/identitygovernance/catalogs/{}/resources/{}/roles/{}/resource/uploadsessions/{}",""
"PATCH","/identitygovernance/catalogs/{}/resources/{}/roles/{}","Identity.Governance","Update-MgIdentityGovernanceCatalogResourceRole","suppress","System.Object[]","/identitygovernance/catalogs/{}/resourceroles/{}",""
"PATCH","/identitygovernance/catalogs/{}/resources/{}/roles/{}/resource","Identity.Governance","Update-MgIdentityGovernanceCatalogResourceRoleResource","suppress","System.Object[]","/identitygovernance/catalogs/{}/resourceroles/{}/resource",""
"PATCH","/identitygovernance/catalogs/{}/resources/{}/roles/{}/resource/scopes/{}","Identity.Governance","Update-MgIdentityGovernanceCatalogResourceRoleResourceScope","suppress","System.Object[]","/identitygovernance/catalogs/{}/resourceroles/{}/resource/scopes/{}",""
"PATCH","/identitygovernance/catalogs/{}/resources/{}/roles/{}/resource/scopes/{}/resource","Identity.Governance","Update-MgIdentityGovernanceCatalogResourceRoleResourceScopeResource","suppress","System.Object[]","/identitygovernance/catalogs/{}/resourceroles/{}/resource/scopes/{}/resource",""
"PATCH","/identitygovernance/catalogs/{}/resources/{}/roles/{}/resource/scopes/{}/resource/uploadsessions/{}","Identity.Governance","Update-MgIdentityGovernanceCatalogResourceRoleResourceScopeResourceUploadSession","suppress","System.Object[]","/identitygovernance/catalogs/{}/resourceroles/{}/resource/scopes/{}/resource/uploadsessions/{}",""
"PATCH","/identitygovernance/catalogs/{}/resources/{}/roles/{}/resource/uploadsessions/{}","Identity.Governance","Update-MgIdentityGovernanceCatalogResourceRoleResourceUploadSession","suppress","System.Object[]","/identitygovernance/catalogs/{}/resourceroles/{}/resource/uploadsessions/{}",""
"PATCH","/identitygovernance/catalogs/{}/resources/{}/scopes/{}","Identity.Governance","Update-MgIdentityGovernanceCatalogResourceScope","suppress","System.Object[]","/identitygovernance/catalogs/{}/resourcescopes/{}",""
"PATCH","/identitygovernance/catalogs/{}/resources/{}/scopes/{}/resource","Identity.Governance","Update-MgIdentityGovernanceCatalogResourceScopeResource","suppress","System.Object[]","/identitygovernance/catalogs/{}/resourcescopes/{}/resource",""
"PATCH","/identitygovernance/catalogs/{}/resources/{}/scopes/{}/resource/roles/{}","Identity.Governance","Update-MgIdentityGovernanceCatalogResourceScopeResourceRole","suppress","System.Object[]","/identitygovernance/catalogs/{}/resourcescopes/{}/resource/roles/{}",""
"PATCH","/identitygovernance/catalogs/{}/resources/{}/scopes/{}/resource/roles/{}/resource","Identity.Governance","Update-MgIdentityGovernanceCatalogResourceScopeResourceRoleResource","suppress","System.Object[]","/identitygovernance/catalogs/{}/resourcescopes/{}/resource/roles/{}/resource",""
"PATCH","/identitygovernance/catalogs/{}/resources/{}/scopes/{}/resource/roles/{}/resource/uploadsessions/{}","Identity.Governance","Update-MgIdentityGovernanceCatalogResourceScopeResourceRoleResourceUploadSession","suppress","System.Object[]","/identitygovernance/catalogs/{}/resourcescopes/{}/resource/roles/{}/resource/uploadsessions/{}",""
"PATCH","/identitygovernance/catalogs/{}/resources/{}/scopes/{}/resource/uploadsessions/{}","Identity.Governance","Update-MgIdentityGovernanceCatalogResourceScopeResourceUploadSession","suppress","System.Object[]","/identitygovernance/catalogs/{}/resourcescopes/{}/resource/uploadsessions/{}",""
"PATCH","/identitygovernance/catalogs/{}/resourcescopes/{}","Identity.Governance","Update-MgIdentityGovernanceCatalogResourceScope","suppress","System.Object[]","/identitygovernance/catalogs/{}/resources/{}/scopes/{}",""
"PATCH","/identitygovernance/catalogs/{}/resourcescopes/{}/resource","Identity.Governance","Update-MgIdentityGovernanceCatalogResourceScopeResource","suppress","System.Object[]","/identitygovernance/catalogs/{}/resources/{}/scopes/{}/resource",""
"PATCH","/identitygovernance/catalogs/{}/resourcescopes/{}/resource/roles/{}","Identity.Governance","Update-MgIdentityGovernanceCatalogResourceScopeResourceRole","suppress","System.Object[]","/identitygovernance/catalogs/{}/resources/{}/scopes/{}/resource/roles/{}",""
"PATCH","/identitygovernance/catalogs/{}/resourcescopes/{}/resource/roles/{}/resource","Identity.Governance","Update-MgIdentityGovernanceCatalogResourceScopeResourceRoleResource","suppress","System.Object[]","/identitygovernance/catalogs/{}/resources/{}/scopes/{}/resource/roles/{}/resource",""
"PATCH","/identitygovernance/catalogs/{}/resourcescopes/{}/resource/roles/{}/resource/uploadsessions/{}","Identity.Governance","Update-MgIdentityGovernanceCatalogResourceScopeResourceRoleResourceUploadSession","suppress","System.Object[]","/identitygovernance/catalogs/{}/resources/{}/scopes/{}/resource/roles/{}/resource/uploadsessions/{}",""
"PATCH","/identitygovernance/catalogs/{}/resourcescopes/{}/resource/uploadsessions/{}","Identity.Governance","Update-MgIdentityGovernanceCatalogResourceScopeResourceUploadSession","suppress","System.Object[]","/identitygovernance/catalogs/{}/resources/{}/scopes/{}/resource/uploadsessions/{}",""
"PATCH","/identitygovernance/entitlementmanagement/catalogs/{}/resourceroles/{}","Identity.Governance","Update-MgIdentityGovernanceEntitlementManagementCatalogResourceRole","rename","System.Object[]","/identitygovernance/entitlementmanagement/catalogs/{}/resources/{}/roles/{}",""
"PATCH","/identitygovernance/entitlementmanagement/catalogs/{}/resourceroles/{}/resource","Identity.Governance","Update-MgIdentityGovernanceEntitlementManagementCatalogResourceRoleResource","suppress","System.Object[]","/identitygovernance/entitlementmanagement/catalogs/{}/resources/{}/roles/{}/resource",""
"PATCH","/identitygovernance/entitlementmanagement/catalogs/{}/resourceroles/{}/resource/scopes/{}","Identity.Governance","Update-MgIdentityGovernanceEntitlementManagementCatalogResourceRoleResourceScope","rename","System.Object[]","/identitygovernance/entitlementmanagement/catalogs/{}/resources/{}/roles/{}/resource/scopes/{}",""
"PATCH","/identitygovernance/entitlementmanagement/catalogs/{}/resourceroles/{}/resource/scopes/{}/resource","Identity.Governance","Update-MgIdentityGovernanceEntitlementManagementCatalogResourceRoleResourceScopeResource","suppress","System.Object[]","/identitygovernance/entitlementmanagement/catalogs/{}/resources/{}/roles/{}/resource/scopes/{}/resource",""
"PATCH","/identitygovernance/entitlementmanagement/catalogs/{}/resourceroles/{}/resource/scopes/{}/resource/uploadsessions/{}","Identity.Governance","Update-MgIdentityGovernanceEntitlementManagementCatalogResourceRoleResourceScopeResourceUploadSession","suppress","System.Object[]","/identitygovernance/entitlementmanagement/catalogs/{}/resources/{}/roles/{}/resource/scopes/{}/resource/uploadsessions/{}",""
"PATCH","/identitygovernance/entitlementmanagement/catalogs/{}/resourceroles/{}/resource/uploadsessions/{}","Identity.Governance","Update-MgIdentityGovernanceEntitlementManagementCatalogResourceRoleResourceUploadSession","suppress","System.Object[]","/identitygovernance/entitlementmanagement/catalogs/{}/resources/{}/roles/{}/resource/uploadsessions/{}",""
"PATCH","/identitygovernance/entitlementmanagement/catalogs/{}/resources/{}/roles/{}","Identity.Governance","Update-MgIdentityGovernanceEntitlementManagementCatalogResourceRole","suppress","System.Object[]","/identitygovernance/entitlementmanagement/catalogs/{}/resourceroles/{}","Update-MgEntitlementManagementCatalogResourceRole"
"PATCH","/identitygovernance/entitlementmanagement/catalogs/{}/resources/{}/roles/{}/resource","Identity.Governance","Update-MgIdentityGovernanceEntitlementManagementCatalogResourceRoleResource","suppress","System.Object[]","/identitygovernance/entitlementmanagement/catalogs/{}/resourceroles/{}/resource",""
"PATCH","/identitygovernance/entitlementmanagement/catalogs/{}/resources/{}/roles/{}/resource/scopes/{}","Identity.Governance","Update-MgIdentityGovernanceEntitlementManagementCatalogResourceRoleResourceScope","suppress","System.Object[]","/identitygovernance/entitlementmanagement/catalogs/{}/resourceroles/{}/resource/scopes/{}","Update-MgEntitlementManagementCatalogResourceRoleResourceScope"
"PATCH","/identitygovernance/entitlementmanagement/catalogs/{}/resources/{}/roles/{}/resource/scopes/{}/resource","Identity.Governance","Update-MgIdentityGovernanceEntitlementManagementCatalogResourceRoleResourceScopeResource","suppress","System.Object[]","/identitygovernance/entitlementmanagement/catalogs/{}/resourceroles/{}/resource/scopes/{}/resource",""
"PATCH","/identitygovernance/entitlementmanagement/catalogs/{}/resources/{}/roles/{}/resource/scopes/{}/resource/uploadsessions/{}","Identity.Governance","Update-MgIdentityGovernanceEntitlementManagementCatalogResourceRoleResourceScopeResourceUploadSession","suppress","System.Object[]","/identitygovernance/entitlementmanagement/catalogs/{}/resourceroles/{}/resource/scopes/{}/resource/uploadsessions/{}",""
"PATCH","/identitygovernance/entitlementmanagement/catalogs/{}/resources/{}/roles/{}/resource/uploadsessions/{}","Identity.Governance","Update-MgIdentityGovernanceEntitlementManagementCatalogResourceRoleResourceUploadSession","suppress","System.Object[]","/identitygovernance/entitlementmanagement/catalogs/{}/resourceroles/{}/resource/uploadsessions/{}",""
"PATCH","/identitygovernance/entitlementmanagement/catalogs/{}/resources/{}/scopes/{}","Identity.Governance","Update-MgIdentityGovernanceEntitlementManagementCatalogResourceScope","suppress","System.Object[]","/identitygovernance/entitlementmanagement/catalogs/{}/resourcescopes/{}","Update-MgEntitlementManagementCatalogResourceScope"
"PATCH","/identitygovernance/entitlementmanagement/catalogs/{}/resources/{}/scopes/{}/resource","Identity.Governance","Update-MgIdentityGovernanceEntitlementManagementCatalogResourceScopeResource","suppress","System.Object[]","/identitygovernance/entitlementmanagement/catalogs/{}/resourcescopes/{}/resource",""
"PATCH","/identitygovernance/entitlementmanagement/catalogs/{}/resources/{}/scopes/{}/resource/roles/{}","Identity.Governance","Update-MgIdentityGovernanceEntitlementManagementCatalogResourceScopeResourceRole","rename","System.Object[]","/identitygovernance/entitlementmanagement/catalogs/{}/resourcescopes/{}/resource/roles/{}",""
"PATCH","/identitygovernance/entitlementmanagement/catalogs/{}/resources/{}/scopes/{}/resource/roles/{}/resource","Identity.Governance","Update-MgIdentityGovernanceEntitlementManagementCatalogResourceScopeResourceRoleResource","suppress","System.Object[]","/identitygovernance/entitlementmanagement/catalogs/{}/resourcescopes/{}/resource/roles/{}/resource",""
"PATCH","/identitygovernance/entitlementmanagement/catalogs/{}/resources/{}/scopes/{}/resource/roles/{}/resource/uploadsessions/{}","Identity.Governance","Update-MgIdentityGovernanceEntitlementManagementCatalogResourceScopeResourceRoleResourceUploadSession","suppress","System.Object[]","/identitygovernance/entitlementmanagement/catalogs/{}/resourcescopes/{}/resource/roles/{}/resource/uploadsessions/{}",""
"PATCH","/identitygovernance/entitlementmanagement/catalogs/{}/resources/{}/scopes/{}/resource/uploadsessions/{}","Identity.Governance","Update-MgIdentityGovernanceEntitlementManagementCatalogResourceScopeResourceUploadSession","suppress","System.Object[]","/identitygovernance/entitlementmanagement/catalogs/{}/resourcescopes/{}/resource/uploadsessions/{}",""
"PATCH","/identitygovernance/entitlementmanagement/catalogs/{}/resourcescopes/{}","Identity.Governance","Update-MgIdentityGovernanceEntitlementManagementCatalogResourceScope","rename","System.Object[]","/identitygovernance/entitlementmanagement/catalogs/{}/resources/{}/scopes/{}",""
"PATCH","/identitygovernance/entitlementmanagement/catalogs/{}/resourcescopes/{}/resource","Identity.Governance","Update-MgIdentityGovernanceEntitlementManagementCatalogResourceScopeResource","suppress","System.Object[]","/identitygovernance/entitlementmanagement/catalogs/{}/resources/{}/scopes/{}/resource",""
"PATCH","/identitygovernance/entitlementmanagement/catalogs/{}/resourcescopes/{}/resource/roles/{}","Identity.Governance","Update-MgIdentityGovernanceEntitlementManagementCatalogResourceScopeResourceRole","suppress","System.Object[]","/identitygovernance/entitlementmanagement/catalogs/{}/resources/{}/scopes/{}/resource/roles/{}","Update-MgEntitlementManagementCatalogResourceScopeResourceRole"
"PATCH","/identitygovernance/entitlementmanagement/catalogs/{}/resourcescopes/{}/resource/roles/{}/resource","Identity.Governance","Update-MgIdentityGovernanceEntitlementManagementCatalogResourceScopeResourceRoleResource","suppress","System.Object[]","/identitygovernance/entitlementmanagement/catalogs/{}/resources/{}/scopes/{}/resource/roles/{}/resource",""
"PATCH","/identitygovernance/entitlementmanagement/catalogs/{}/resourcescopes/{}/resource/roles/{}/resource/uploadsessions/{}","Identity.Governance","Update-MgIdentityGovernanceEntitlementManagementCatalogResourceScopeResourceRoleResourceUploadSession","suppress","System.Object[]","/identitygovernance/entitlementmanagement/catalogs/{}/resources/{}/scopes/{}/resource/roles/{}/resource/uploadsessions/{}",""
"PATCH","/identitygovernance/entitlementmanagement/catalogs/{}/resourcescopes/{}/resource/uploadsessions/{}","Identity.Governance","Update-MgIdentityGovernanceEntitlementManagementCatalogResourceScopeResourceUploadSession","suppress","System.Object[]","/identitygovernance/entitlementmanagement/catalogs/{}/resources/{}/scopes/{}/resource/uploadsessions/{}",""
"PATCH","/identitygovernance/entitlementmanagement/resourcerequests/{}/catalog/resourceroles/{}","Identity.Governance","Update-MgIdentityGovernanceEntitlementManagementResourceRequestCatalogResourceRole","rename","System.Object[]","/identitygovernance/entitlementmanagement/resourcerequests/{}/catalog/resources/{}/roles/{}",""
"PATCH","/identitygovernance/entitlementmanagement/resourcerequests/{}/catalog/resourceroles/{}/resource","Identity.Governance","Update-MgIdentityGovernanceEntitlementManagementResourceRequestCatalogResourceRoleResource","suppress","System.Object[]","/identitygovernance/entitlementmanagement/resourcerequests/{}/catalog/resources/{}/roles/{}/resource",""
"PATCH","/identitygovernance/entitlementmanagement/resourcerequests/{}/catalog/resourceroles/{}/resource/scopes/{}","Identity.Governance","Update-MgIdentityGovernanceEntitlementManagementResourceRequestCatalogResourceRoleResourceScope","rename","System.Object[]","/identitygovernance/entitlementmanagement/resourcerequests/{}/catalog/resources/{}/roles/{}/resource/scopes/{}",""
"PATCH","/identitygovernance/entitlementmanagement/resourcerequests/{}/catalog/resourceroles/{}/resource/scopes/{}/resource","Identity.Governance","Update-MgIdentityGovernanceEntitlementManagementResourceRequestCatalogResourceRoleResourceScopeResource","suppress","System.Object[]","/identitygovernance/entitlementmanagement/resourcerequests/{}/catalog/resources/{}/roles/{}/resource/scopes/{}/resource",""
"PATCH","/identitygovernance/entitlementmanagement/resourcerequests/{}/catalog/resourceroles/{}/resource/scopes/{}/resource/uploadsessions/{}","Identity.Governance","Update-MgIdentityGovernanceEntitlementManagementResourceRequestCatalogResourceRoleResourceScopeResourceUploadSession","suppress","System.Object[]","/identitygovernance/entitlementmanagement/resourcerequests/{}/catalog/resources/{}/roles/{}/resource/scopes/{}/resource/uploadsessions/{}",""
"PATCH","/identitygovernance/entitlementmanagement/resourcerequests/{}/catalog/resourceroles/{}/resource/uploadsessions/{}","Identity.Governance","Update-MgIdentityGovernanceEntitlementManagementResourceRequestCatalogResourceRoleResourceUploadSession","suppress","System.Object[]","/identitygovernance/entitlementmanagement/resourcerequests/{}/catalog/resources/{}/roles/{}/resource/uploadsessions/{}",""
"PATCH","/identitygovernance/entitlementmanagement/resourcerequests/{}/catalog/resources/{}/roles/{}","Identity.Governance","Update-MgIdentityGovernanceEntitlementManagementResourceRequestCatalogResourceRole","suppress","System.Object[]","/identitygovernance/entitlementmanagement/resourcerequests/{}/catalog/resourceroles/{}","Update-MgEntitlementManagementResourceRequestCatalogResourceRole"
"PATCH","/identitygovernance/entitlementmanagement/resourcerequests/{}/catalog/resources/{}/roles/{}/resource","Identity.Governance","Update-MgIdentityGovernanceEntitlementManagementResourceRequestCatalogResourceRoleResource","suppress","System.Object[]","/identitygovernance/entitlementmanagement/resourcerequests/{}/catalog/resourceroles/{}/resource",""
"PATCH","/identitygovernance/entitlementmanagement/resourcerequests/{}/catalog/resources/{}/roles/{}/resource/scopes/{}","Identity.Governance","Update-MgIdentityGovernanceEntitlementManagementResourceRequestCatalogResourceRoleResourceScope","suppress","System.Object[]","/identitygovernance/entitlementmanagement/resourcerequests/{}/catalog/resourceroles/{}/resource/scopes/{}","Update-MgEntitlementManagementResourceRequestCatalogResourceRoleResourceScope"
"PATCH","/identitygovernance/entitlementmanagement/resourcerequests/{}/catalog/resources/{}/roles/{}/resource/scopes/{}/resource","Identity.Governance","Update-MgIdentityGovernanceEntitlementManagementResourceRequestCatalogResourceRoleResourceScopeResource","suppress","System.Object[]","/identitygovernance/entitlementmanagement/resourcerequests/{}/catalog/resourceroles/{}/resource/scopes/{}/resource",""
"PATCH","/identitygovernance/entitlementmanagement/resourcerequests/{}/catalog/resources/{}/roles/{}/resource/scopes/{}/resource/uploadsessions/{}","Identity.Governance","Update-MgIdentityGovernanceEntitlementManagementResourceRequestCatalogResourceRoleResourceScopeResourceUploadSession","suppress","System.Object[]","/identitygovernance/entitlementmanagement/resourcerequests/{}/catalog/resourceroles/{}/resource/scopes/{}/resource/uploadsessions/{}",""
"PATCH","/identitygovernance/entitlementmanagement/resourcerequests/{}/catalog/resources/{}/roles/{}/resource/uploadsessions/{}","Identity.Governance","Update-MgIdentityGovernanceEntitlementManagementResourceRequestCatalogResourceRoleResourceUploadSession","suppress","System.Object[]","/identitygovernance/entitlementmanagement/resourcerequests/{}/catalog/resourceroles/{}/resource/uploadsessions/{}",""
"PATCH","/identitygovernance/entitlementmanagement/resourcerequests/{}/catalog/resources/{}/scopes/{}","Identity.Governance","Update-MgIdentityGovernanceEntitlementManagementResourceRequestCatalogResourceScope","suppress","System.Object[]","/identitygovernance/entitlementmanagement/resourcerequests/{}/catalog/resourcescopes/{}","Update-MgEntitlementManagementResourceRequestCatalogResourceScope"
"PATCH","/identitygovernance/entitlementmanagement/resourcerequests/{}/catalog/resources/{}/scopes/{}/resource","Identity.Governance","Update-MgIdentityGovernanceEntitlementManagementResourceRequestCatalogResourceScopeResource","suppress","System.Object[]","/identitygovernance/entitlementmanagement/resourcerequests/{}/catalog/resourcescopes/{}/resource",""
"PATCH","/identitygovernance/entitlementmanagement/resourcerequests/{}/catalog/resources/{}/scopes/{}/resource/roles/{}","Identity.Governance","Update-MgIdentityGovernanceEntitlementManagementResourceRequestCatalogResourceScopeResourceRole","rename","System.Object[]","/identitygovernance/entitlementmanagement/resourcerequests/{}/catalog/resourcescopes/{}/resource/roles/{}",""
"PATCH","/identitygovernance/entitlementmanagement/resourcerequests/{}/catalog/resources/{}/scopes/{}/resource/roles/{}/resource","Identity.Governance","Update-MgIdentityGovernanceEntitlementManagementResourceRequestCatalogResourceScopeResourceRoleResource","suppress","System.Object[]","/identitygovernance/entitlementmanagement/resourcerequests/{}/catalog/resourcescopes/{}/resource/roles/{}/resource",""
"PATCH","/identitygovernance/entitlementmanagement/resourcerequests/{}/catalog/resources/{}/scopes/{}/resource/roles/{}/resource/uploadsessions/{}","Identity.Governance","Update-MgIdentityGovernanceEntitlementManagementResourceRequestCatalogResourceScopeResourceRoleResourceUploadSession","suppress","System.Object[]","/identitygovernance/entitlementmanagement/resourcerequests/{}/catalog/resourcescopes/{}/resource/roles/{}/resource/uploadsessions/{}",""
"PATCH","/identitygovernance/entitlementmanagement/resourcerequests/{}/catalog/resources/{}/scopes/{}/resource/uploadsessions/{}","Identity.Governance","Update-MgIdentityGovernanceEntitlementManagementResourceRequestCatalogResourceScopeResourceUploadSession","suppress","System.Object[]","/identitygovernance/entitlementmanagement/resourcerequests/{}/catalog/resourcescopes/{}/resource/uploadsessions/{}",""
"PATCH","/identitygovernance/entitlementmanagement/resourcerequests/{}/catalog/resourcescopes/{}","Identity.Governance","Update-MgIdentityGovernanceEntitlementManagementResourceRequestCatalogResourceScope","rename","System.Object[]","/identitygovernance/entitlementmanagement/resourcerequests/{}/catalog/resources/{}/scopes/{}",""
"PATCH","/identitygovernance/entitlementmanagement/resourcerequests/{}/catalog/resourcescopes/{}/resource","Identity.Governance","Update-MgIdentityGovernanceEntitlementManagementResourceRequestCatalogResourceScopeResource","suppress","System.Object[]","/identitygovernance/entitlementmanagement/resourcerequests/{}/catalog/resources/{}/scopes/{}/resource",""
"PATCH","/identitygovernance/entitlementmanagement/resourcerequests/{}/catalog/resourcescopes/{}/resource/roles/{}","Identity.Governance","Update-MgIdentityGovernanceEntitlementManagementResourceRequestCatalogResourceScopeResourceRole","suppress","System.Object[]","/identitygovernance/entitlementmanagement/resourcerequests/{}/catalog/resources/{}/scopes/{}/resource/roles/{}","Update-MgEntitlementManagementResourceRequestCatalogResourceScopeResourceRole"
"PATCH","/identitygovernance/entitlementmanagement/resourcerequests/{}/catalog/resourcescopes/{}/resource/roles/{}/resource","Identity.Governance","Update-MgIdentityGovernanceEntitlementManagementResourceRequestCatalogResourceScopeResourceRoleResource","suppress","System.Object[]","/identitygovernance/entitlementmanagement/resourcerequests/{}/catalog/resources/{}/scopes/{}/resource/roles/{}/resource",""
"PATCH","/identitygovernance/entitlementmanagement/resourcerequests/{}/catalog/resourcescopes/{}/resource/roles/{}/resource/uploadsessions/{}","Identity.Governance","Update-MgIdentityGovernanceEntitlementManagementResourceRequestCatalogResourceScopeResourceRoleResourceUploadSession","suppress","System.Object[]","/identitygovernance/entitlementmanagement/resourcerequests/{}/catalog/resources/{}/scopes/{}/resource/roles/{}/resource/uploadsessions/{}",""
"PATCH","/identitygovernance/entitlementmanagement/resourcerequests/{}/catalog/resourcescopes/{}/resource/uploadsessions/{}","Identity.Governance","Update-MgIdentityGovernanceEntitlementManagementResourceRequestCatalogResourceScopeResourceUploadSession","suppress","System.Object[]","/identitygovernance/entitlementmanagement/resourcerequests/{}/catalog/resources/{}/scopes/{}/resource/uploadsessions/{}",""
"PATCH","/sites/{}/termstore/groups/{}/sets/{}/children/{}","Sites","Update-MgSiteTermStoreGroupSetChild","keep","System.Object[]","/sites/{}/termstore/groups/{}/sets/{}/children/{}/children/{}",""
"PATCH","/sites/{}/termstore/groups/{}/sets/{}/children/{}/children/{}","Sites","Update-MgSiteTermStoreGroupSetChild","suppress","System.Object[]","/sites/{}/termstore/groups/{}/sets/{}/children/{}","Update-MgSiteTermStoreGroupSetChild"
"PATCH","/sites/{}/termstore/groups/{}/sets/{}/children/{}/children/{}/relations/{}","Sites","Update-MgSiteTermStoreGroupSetChildRelation","keep","System.Object[]","/sites/{}/termstore/groups/{}/sets/{}/children/{}/relations/{}",""
"PATCH","/sites/{}/termstore/groups/{}/sets/{}/children/{}/relations/{}","Sites","Update-MgSiteTermStoreGroupSetChildRelation","suppress","System.Object[]","/sites/{}/termstore/groups/{}/sets/{}/children/{}/children/{}/relations/{}","Update-MgSiteTermStoreGroupSetChildRelation"
"PATCH","/sites/{}/termstore/sets/{}/children/{}","Sites","Update-MgSiteTermStoreSetChild","keep","System.Object[]","/sites/{}/termstore/sets/{}/children/{}/children/{}",""
"PATCH","/sites/{}/termstore/sets/{}/children/{}/children/{}","Sites","Update-MgSiteTermStoreSetChild","suppress","System.Object[]","/sites/{}/termstore/sets/{}/children/{}","Update-MgSiteTermStoreSetChild"
"PATCH","/sites/{}/termstore/sets/{}/children/{}/children/{}/relations/{}","Sites","Update-MgSiteTermStoreSetChildRelation","keep","System.Object[]","/sites/{}/termstore/sets/{}/children/{}/relations/{}",""
"PATCH","/sites/{}/termstore/sets/{}/children/{}/relations/{}","Sites","Update-MgSiteTermStoreSetChildRelation","suppress","System.Object[]","/sites/{}/termstore/sets/{}/children/{}/children/{}/relations/{}","Update-MgSiteTermStoreSetChildRelation"
"PATCH","/sites/{}/termstore/sets/{}/parentgroup/sets/{}/children/{}","Sites","Update-MgSiteTermStoreSetParentGroupSetChild","keep","System.Object[]","/sites/{}/termstore/sets/{}/parentgroup/sets/{}/children/{}/children/{}",""
"PATCH","/sites/{}/termstore/sets/{}/parentgroup/sets/{}/children/{}/children/{}","Sites","Update-MgSiteTermStoreSetParentGroupSetChild","suppress","System.Object[]","/sites/{}/termstore/sets/{}/parentgroup/sets/{}/children/{}","Update-MgSiteTermStoreSetParentGroupSetChild"
"PATCH","/sites/{}/termstore/sets/{}/parentgroup/sets/{}/children/{}/children/{}/relations/{}","Sites","Update-MgSiteTermStoreSetParentGroupSetChildRelation","keep","System.Object[]","/sites/{}/termstore/sets/{}/parentgroup/sets/{}/children/{}/relations/{}",""
"PATCH","/sites/{}/termstore/sets/{}/parentgroup/sets/{}/children/{}/relations/{}","Sites","Update-MgSiteTermStoreSetParentGroupSetChildRelation","suppress","System.Object[]","/sites/{}/termstore/sets/{}/parentgroup/sets/{}/children/{}/children/{}/relations/{}","Update-MgSiteTermStoreSetParentGroupSetChildRelation"
"POST","/applications/{}/synchronization/jobs/{}/validatecredentials","Applications","Invoke-MgApplicationSynchronizationJobValidateCredentials","rename","System.Object[]","/applications/{}/synchronization/jobs/validatecredentials",""
"POST","/applications/{}/synchronization/jobs/validatecredentials","Applications","Invoke-MgApplicationSynchronizationJobValidateCredentials","suppress","System.Object[]","/applications/{}/synchronization/jobs/{}/validatecredentials","Test-MgApplicationSynchronizationJobCredential"
"POST","/grouplifecyclepolicies","Groups","New-MgGroupLifecyclePolicy","keep","System.Object[]","/groups/{}/grouplifecyclepolicies",""
"POST","/groups/{}/grouplifecyclepolicies","Groups","New-MgGroupLifecyclePolicy","suppress","System.Object[]","/grouplifecyclepolicies","New-MgGroupLifecyclePolicy"
"POST","/groups/{}/settings","Groups","New-MgGroupSetting","keep","System.Object[]","/groupsettings",""
"POST","/groups/{}/sites/{}/termstore/groups/{}/sets/{}/children","Sites","New-MgGroupSiteTermStoreGroupSetChild","keep","System.Object[]","/groups/{}/sites/{}/termstore/groups/{}/sets/{}/children/{}/children",""
"POST","/groups/{}/sites/{}/termstore/groups/{}/sets/{}/children/{}/children","Sites","New-MgGroupSiteTermStoreGroupSetChild","suppress","System.Object[]","/groups/{}/sites/{}/termstore/groups/{}/sets/{}/children","New-MgGroupSiteTermStoreGroupSetChild"
"POST","/groups/{}/sites/{}/termstore/groups/{}/sets/{}/children/{}/children/{}/relations","Sites","New-MgGroupSiteTermStoreGroupSetChildRelation","keep","System.Object[]","/groups/{}/sites/{}/termstore/groups/{}/sets/{}/children/{}/relations",""
"POST","/groups/{}/sites/{}/termstore/groups/{}/sets/{}/children/{}/relations","Sites","New-MgGroupSiteTermStoreGroupSetChildRelation","suppress","System.Object[]","/groups/{}/sites/{}/termstore/groups/{}/sets/{}/children/{}/children/{}/relations","New-MgGroupSiteTermStoreGroupSetChildRelation"
"POST","/groups/{}/sites/{}/termstore/sets/{}/children","Sites","New-MgGroupSiteTermStoreSetChild","keep","System.Object[]","/groups/{}/sites/{}/termstore/sets/{}/children/{}/children",""
"POST","/groups/{}/sites/{}/termstore/sets/{}/children/{}/children","Sites","New-MgGroupSiteTermStoreSetChild","suppress","System.Object[]","/groups/{}/sites/{}/termstore/sets/{}/children","New-MgGroupSiteTermStoreSetChild"
"POST","/groups/{}/sites/{}/termstore/sets/{}/children/{}/children/{}/relations","Sites","New-MgGroupSiteTermStoreSetChildRelation","keep","System.Object[]","/groups/{}/sites/{}/termstore/sets/{}/children/{}/relations",""
"POST","/groups/{}/sites/{}/termstore/sets/{}/children/{}/relations","Sites","New-MgGroupSiteTermStoreSetChildRelation","suppress","System.Object[]","/groups/{}/sites/{}/termstore/sets/{}/children/{}/children/{}/relations","New-MgGroupSiteTermStoreSetChildRelation"
"POST","/groups/{}/sites/{}/termstore/sets/{}/parentgroup/sets/{}/children","Sites","New-MgGroupSiteTermStoreSetParentGroupSetChild","keep","System.Object[]","/groups/{}/sites/{}/termstore/sets/{}/parentgroup/sets/{}/children/{}/children",""
"POST","/groups/{}/sites/{}/termstore/sets/{}/parentgroup/sets/{}/children/{}/children","Sites","New-MgGroupSiteTermStoreSetParentGroupSetChild","suppress","System.Object[]","/groups/{}/sites/{}/termstore/sets/{}/parentgroup/sets/{}/children","New-MgGroupSiteTermStoreSetParentGroupSetChild"
"POST","/groups/{}/sites/{}/termstore/sets/{}/parentgroup/sets/{}/children/{}/children/{}/relations","Sites","New-MgGroupSiteTermStoreSetParentGroupSetChildRelation","keep","System.Object[]","/groups/{}/sites/{}/termstore/sets/{}/parentgroup/sets/{}/children/{}/relations",""
"POST","/groups/{}/sites/{}/termstore/sets/{}/parentgroup/sets/{}/children/{}/relations","Sites","New-MgGroupSiteTermStoreSetParentGroupSetChildRelation","suppress","System.Object[]","/groups/{}/sites/{}/termstore/sets/{}/parentgroup/sets/{}/children/{}/children/{}/relations","New-MgGroupSiteTermStoreSetParentGroupSetChildRelation"
"POST","/groups/{}/validateproperties","Groups","Invoke-MgGroupValidateProperties","rename","System.Object[]","/groups/validateproperties",""
"POST","/groups/validateproperties","Groups","Invoke-MgGroupValidateProperties","suppress","System.Object[]","/groups/{}/validateproperties","Test-MgGroupProperty"
"POST","/groupsettings","Groups","New-MgGroupSetting","suppress","System.Object[]","/groups/{}/settings","New-MgGroupSetting"
"POST","/identity/customauthenticationextensions/{}/validateauthenticationconfiguration","Identity.SignIns","Invoke-MgIdentityCustomAuthenticationExtensionValidateAuthenticationConfiguration","rename","System.Object[]","/identity/customauthenticationextensions/validateauthenticationconfiguration",""
"POST","/identity/customauthenticationextensions/validateauthenticationconfiguration","Identity.SignIns","Invoke-MgIdentityCustomAuthenticationExtensionValidateAuthenticationConfiguration","suppress","System.Object[]","/identity/customauthenticationextensions/{}/validateauthenticationconfiguration","Test-MgIdentityCustomAuthenticationExtensionAuthenticationConfiguration"
"POST","/identitygovernance/catalogs/{}/resourceroles","Identity.Governance","New-MgIdentityGovernanceCatalogResourceRole","suppress","System.Object[]","/identitygovernance/catalogs/{}/resources/{}/roles",""
"POST","/identitygovernance/catalogs/{}/resourceroles/{}/resource/refresh","Identity.Governance","Invoke-MgIdentityGovernanceCatalogResourceRoleResourceRefresh","suppress","System.Object[]","/identitygovernance/catalogs/{}/resources/{}/roles/{}/resource/refresh",""
"POST","/identitygovernance/catalogs/{}/resourceroles/{}/resource/scopes","Identity.Governance","New-MgIdentityGovernanceCatalogResourceRoleResourceScope","suppress","System.Object[]","/identitygovernance/catalogs/{}/resources/{}/roles/{}/resource/scopes",""
"POST","/identitygovernance/catalogs/{}/resourceroles/{}/resource/scopes/{}/resource/refresh","Identity.Governance","Invoke-MgIdentityGovernanceCatalogResourceRoleResourceScopeResourceRefresh","suppress","System.Object[]","/identitygovernance/catalogs/{}/resources/{}/roles/{}/resource/scopes/{}/resource/refresh",""
"POST","/identitygovernance/catalogs/{}/resourceroles/{}/resource/scopes/{}/resource/uploadsessions","Identity.Governance","New-MgIdentityGovernanceCatalogResourceRoleResourceScopeResourceUploadSession","suppress","System.Object[]","/identitygovernance/catalogs/{}/resources/{}/roles/{}/resource/scopes/{}/resource/uploadsessions",""
"POST","/identitygovernance/catalogs/{}/resourceroles/{}/resource/scopes/{}/resource/uploadsessions/{}/uploadfile","Identity.Governance","Invoke-MgIdentityGovernanceCatalogResourceRoleResourceScopeResourceUploadSessionUploadFile","suppress","System.Object[]","/identitygovernance/catalogs/{}/resources/{}/roles/{}/resource/scopes/{}/resource/uploadsessions/{}/uploadfile",""
"POST","/identitygovernance/catalogs/{}/resourceroles/{}/resource/uploadsessions","Identity.Governance","New-MgIdentityGovernanceCatalogResourceRoleResourceUploadSession","suppress","System.Object[]","/identitygovernance/catalogs/{}/resources/{}/roles/{}/resource/uploadsessions",""
"POST","/identitygovernance/catalogs/{}/resourceroles/{}/resource/uploadsessions/{}/uploadfile","Identity.Governance","Invoke-MgIdentityGovernanceCatalogResourceRoleResourceUploadSessionUploadFile","suppress","System.Object[]","/identitygovernance/catalogs/{}/resources/{}/roles/{}/resource/uploadsessions/{}/uploadfile",""
"POST","/identitygovernance/catalogs/{}/resources/{}/roles","Identity.Governance","New-MgIdentityGovernanceCatalogResourceRole","suppress","System.Object[]","/identitygovernance/catalogs/{}/resourceroles",""
"POST","/identitygovernance/catalogs/{}/resources/{}/roles/{}/resource/refresh","Identity.Governance","Invoke-MgIdentityGovernanceCatalogResourceRoleResourceRefresh","suppress","System.Object[]","/identitygovernance/catalogs/{}/resourceroles/{}/resource/refresh",""
"POST","/identitygovernance/catalogs/{}/resources/{}/roles/{}/resource/scopes","Identity.Governance","New-MgIdentityGovernanceCatalogResourceRoleResourceScope","suppress","System.Object[]","/identitygovernance/catalogs/{}/resourceroles/{}/resource/scopes",""
"POST","/identitygovernance/catalogs/{}/resources/{}/roles/{}/resource/scopes/{}/resource/refresh","Identity.Governance","Invoke-MgIdentityGovernanceCatalogResourceRoleResourceScopeResourceRefresh","suppress","System.Object[]","/identitygovernance/catalogs/{}/resourceroles/{}/resource/scopes/{}/resource/refresh",""
"POST","/identitygovernance/catalogs/{}/resources/{}/roles/{}/resource/scopes/{}/resource/uploadsessions","Identity.Governance","New-MgIdentityGovernanceCatalogResourceRoleResourceScopeResourceUploadSession","suppress","System.Object[]","/identitygovernance/catalogs/{}/resourceroles/{}/resource/scopes/{}/resource/uploadsessions",""
"POST","/identitygovernance/catalogs/{}/resources/{}/roles/{}/resource/scopes/{}/resource/uploadsessions/{}/uploadfile","Identity.Governance","Invoke-MgIdentityGovernanceCatalogResourceRoleResourceScopeResourceUploadSessionUploadFile","suppress","System.Object[]","/identitygovernance/catalogs/{}/resourceroles/{}/resource/scopes/{}/resource/uploadsessions/{}/uploadfile",""
"POST","/identitygovernance/catalogs/{}/resources/{}/roles/{}/resource/uploadsessions","Identity.Governance","New-MgIdentityGovernanceCatalogResourceRoleResourceUploadSession","suppress","System.Object[]","/identitygovernance/catalogs/{}/resourceroles/{}/resource/uploadsessions",""
"POST","/identitygovernance/catalogs/{}/resources/{}/roles/{}/resource/uploadsessions/{}/uploadfile","Identity.Governance","Invoke-MgIdentityGovernanceCatalogResourceRoleResourceUploadSessionUploadFile","suppress","System.Object[]","/identitygovernance/catalogs/{}/resourceroles/{}/resource/uploadsessions/{}/uploadfile",""
"POST","/identitygovernance/catalogs/{}/resources/{}/scopes","Identity.Governance","New-MgIdentityGovernanceCatalogResourceScope","suppress","System.Object[]","/identitygovernance/catalogs/{}/resourcescopes",""
"POST","/identitygovernance/catalogs/{}/resources/{}/scopes/{}/resource/refresh","Identity.Governance","Invoke-MgIdentityGovernanceCatalogResourceScopeResourceRefresh","suppress","System.Object[]","/identitygovernance/catalogs/{}/resourcescopes/{}/resource/refresh",""
"POST","/identitygovernance/catalogs/{}/resources/{}/scopes/{}/resource/roles","Identity.Governance","New-MgIdentityGovernanceCatalogResourceScopeResourceRole","suppress","System.Object[]","/identitygovernance/catalogs/{}/resourcescopes/{}/resource/roles",""
"POST","/identitygovernance/catalogs/{}/resources/{}/scopes/{}/resource/roles/{}/resource/refresh","Identity.Governance","Invoke-MgIdentityGovernanceCatalogResourceScopeResourceRoleResourceRefresh","suppress","System.Object[]","/identitygovernance/catalogs/{}/resourcescopes/{}/resource/roles/{}/resource/refresh",""
"POST","/identitygovernance/catalogs/{}/resources/{}/scopes/{}/resource/roles/{}/resource/uploadsessions","Identity.Governance","New-MgIdentityGovernanceCatalogResourceScopeResourceRoleResourceUploadSession","suppress","System.Object[]","/identitygovernance/catalogs/{}/resourcescopes/{}/resource/roles/{}/resource/uploadsessions",""
"POST","/identitygovernance/catalogs/{}/resources/{}/scopes/{}/resource/roles/{}/resource/uploadsessions/{}/uploadfile","Identity.Governance","Invoke-MgIdentityGovernanceCatalogResourceScopeResourceRoleResourceUploadSessionUploadFile","suppress","System.Object[]","/identitygovernance/catalogs/{}/resourcescopes/{}/resource/roles/{}/resource/uploadsessions/{}/uploadfile",""
"POST","/identitygovernance/catalogs/{}/resources/{}/scopes/{}/resource/uploadsessions","Identity.Governance","New-MgIdentityGovernanceCatalogResourceScopeResourceUploadSession","suppress","System.Object[]","/identitygovernance/catalogs/{}/resourcescopes/{}/resource/uploadsessions",""
"POST","/identitygovernance/catalogs/{}/resources/{}/scopes/{}/resource/uploadsessions/{}/uploadfile","Identity.Governance","Invoke-MgIdentityGovernanceCatalogResourceScopeResourceUploadSessionUploadFile","suppress","System.Object[]","/identitygovernance/catalogs/{}/resourcescopes/{}/resource/uploadsessions/{}/uploadfile",""
"POST","/identitygovernance/catalogs/{}/resourcescopes","Identity.Governance","New-MgIdentityGovernanceCatalogResourceScope","suppress","System.Object[]","/identitygovernance/catalogs/{}/resources/{}/scopes",""
"POST","/identitygovernance/catalogs/{}/resourcescopes/{}/resource/refresh","Identity.Governance","Invoke-MgIdentityGovernanceCatalogResourceScopeResourceRefresh","suppress","System.Object[]","/identitygovernance/catalogs/{}/resources/{}/scopes/{}/resource/refresh",""
"POST","/identitygovernance/catalogs/{}/resourcescopes/{}/resource/roles","Identity.Governance","New-MgIdentityGovernanceCatalogResourceScopeResourceRole","suppress","System.Object[]","/identitygovernance/catalogs/{}/resources/{}/scopes/{}/resource/roles",""
"POST","/identitygovernance/catalogs/{}/resourcescopes/{}/resource/roles/{}/resource/refresh","Identity.Governance","Invoke-MgIdentityGovernanceCatalogResourceScopeResourceRoleResourceRefresh","suppress","System.Object[]","/identitygovernance/catalogs/{}/resources/{}/scopes/{}/resource/roles/{}/resource/refresh",""
"POST","/identitygovernance/catalogs/{}/resourcescopes/{}/resource/roles/{}/resource/uploadsessions","Identity.Governance","New-MgIdentityGovernanceCatalogResourceScopeResourceRoleResourceUploadSession","suppress","System.Object[]","/identitygovernance/catalogs/{}/resources/{}/scopes/{}/resource/roles/{}/resource/uploadsessions",""
"POST","/identitygovernance/catalogs/{}/resourcescopes/{}/resource/roles/{}/resource/uploadsessions/{}/uploadfile","Identity.Governance","Invoke-MgIdentityGovernanceCatalogResourceScopeResourceRoleResourceUploadSessionUploadFile","suppress","System.Object[]","/identitygovernance/catalogs/{}/resources/{}/scopes/{}/resource/roles/{}/resource/uploadsessions/{}/uploadfile",""
"POST","/identitygovernance/catalogs/{}/resourcescopes/{}/resource/uploadsessions","Identity.Governance","New-MgIdentityGovernanceCatalogResourceScopeResourceUploadSession","suppress","System.Object[]","/identitygovernance/catalogs/{}/resources/{}/scopes/{}/resource/uploadsessions",""
"POST","/identitygovernance/catalogs/{}/resourcescopes/{}/resource/uploadsessions/{}/uploadfile","Identity.Governance","Invoke-MgIdentityGovernanceCatalogResourceScopeResourceUploadSessionUploadFile","suppress","System.Object[]","/identitygovernance/catalogs/{}/resources/{}/scopes/{}/resource/uploadsessions/{}/uploadfile",""
"POST","/identitygovernance/entitlementmanagement/catalogs/{}/resourceroles","Identity.Governance","New-MgIdentityGovernanceEntitlementManagementCatalogResourceRole","rename","System.Object[]","/identitygovernance/entitlementmanagement/catalogs/{}/resources/{}/roles",""
"POST","/identitygovernance/entitlementmanagement/catalogs/{}/resourceroles/{}/resource/refresh","Identity.Governance","Invoke-MgIdentityGovernanceEntitlementManagementCatalogResourceRoleResourceRefresh","rename","System.Object[]","/identitygovernance/entitlementmanagement/catalogs/{}/resources/{}/roles/{}/resource/refresh",""
"POST","/identitygovernance/entitlementmanagement/catalogs/{}/resourceroles/{}/resource/scopes","Identity.Governance","New-MgIdentityGovernanceEntitlementManagementCatalogResourceRoleResourceScope","rename","System.Object[]","/identitygovernance/entitlementmanagement/catalogs/{}/resources/{}/roles/{}/resource/scopes",""
"POST","/identitygovernance/entitlementmanagement/catalogs/{}/resourceroles/{}/resource/scopes/{}/resource/refresh","Identity.Governance","Invoke-MgIdentityGovernanceEntitlementManagementCatalogResourceRoleResourceScopeResourceRefresh","rename","System.Object[]","/identitygovernance/entitlementmanagement/catalogs/{}/resources/{}/roles/{}/resource/scopes/{}/resource/refresh",""
"POST","/identitygovernance/entitlementmanagement/catalogs/{}/resourceroles/{}/resource/scopes/{}/resource/uploadsessions","Identity.Governance","New-MgIdentityGovernanceEntitlementManagementCatalogResourceRoleResourceScopeResourceUploadSession","suppress","System.Object[]","/identitygovernance/entitlementmanagement/catalogs/{}/resources/{}/roles/{}/resource/scopes/{}/resource/uploadsessions",""
"POST","/identitygovernance/entitlementmanagement/catalogs/{}/resourceroles/{}/resource/scopes/{}/resource/uploadsessions/{}/uploadfile","Identity.Governance","Invoke-MgIdentityGovernanceEntitlementManagementCatalogResourceRoleResourceScopeResourceUploadSessionUploadFile","suppress","System.Object[]","/identitygovernance/entitlementmanagement/catalogs/{}/resources/{}/roles/{}/resource/scopes/{}/resource/uploadsessions/{}/uploadfile",""
"POST","/identitygovernance/entitlementmanagement/catalogs/{}/resourceroles/{}/resource/uploadsessions","Identity.Governance","New-MgIdentityGovernanceEntitlementManagementCatalogResourceRoleResourceUploadSession","suppress","System.Object[]","/identitygovernance/entitlementmanagement/catalogs/{}/resources/{}/roles/{}/resource/uploadsessions",""
"POST","/identitygovernance/entitlementmanagement/catalogs/{}/resourceroles/{}/resource/uploadsessions/{}/uploadfile","Identity.Governance","Invoke-MgIdentityGovernanceEntitlementManagementCatalogResourceRoleResourceUploadSessionUploadFile","suppress","System.Object[]","/identitygovernance/entitlementmanagement/catalogs/{}/resources/{}/roles/{}/resource/uploadsessions/{}/uploadfile",""
"POST","/identitygovernance/entitlementmanagement/catalogs/{}/resources/{}/roles","Identity.Governance","New-MgIdentityGovernanceEntitlementManagementCatalogResourceRole","suppress","System.Object[]","/identitygovernance/entitlementmanagement/catalogs/{}/resourceroles","New-MgEntitlementManagementCatalogResourceRole"
"POST","/identitygovernance/entitlementmanagement/catalogs/{}/resources/{}/roles/{}/resource/refresh","Identity.Governance","Invoke-MgIdentityGovernanceEntitlementManagementCatalogResourceRoleResourceRefresh","suppress","System.Object[]","/identitygovernance/entitlementmanagement/catalogs/{}/resourceroles/{}/resource/refresh","Update-MgEntitlementManagementCatalogResourceRoleResource"
"POST","/identitygovernance/entitlementmanagement/catalogs/{}/resources/{}/roles/{}/resource/scopes","Identity.Governance","New-MgIdentityGovernanceEntitlementManagementCatalogResourceRoleResourceScope","suppress","System.Object[]","/identitygovernance/entitlementmanagement/catalogs/{}/resourceroles/{}/resource/scopes","New-MgEntitlementManagementCatalogResourceRoleResourceScope"
"POST","/identitygovernance/entitlementmanagement/catalogs/{}/resources/{}/roles/{}/resource/scopes/{}/resource/refresh","Identity.Governance","Invoke-MgIdentityGovernanceEntitlementManagementCatalogResourceRoleResourceScopeResourceRefresh","suppress","System.Object[]","/identitygovernance/entitlementmanagement/catalogs/{}/resourceroles/{}/resource/scopes/{}/resource/refresh","Update-MgEntitlementManagementCatalogResourceRoleResourceScopeResource"
"POST","/identitygovernance/entitlementmanagement/catalogs/{}/resources/{}/roles/{}/resource/scopes/{}/resource/uploadsessions","Identity.Governance","New-MgIdentityGovernanceEntitlementManagementCatalogResourceRoleResourceScopeResourceUploadSession","suppress","System.Object[]","/identitygovernance/entitlementmanagement/catalogs/{}/resourceroles/{}/resource/scopes/{}/resource/uploadsessions",""
"POST","/identitygovernance/entitlementmanagement/catalogs/{}/resources/{}/roles/{}/resource/scopes/{}/resource/uploadsessions/{}/uploadfile","Identity.Governance","Invoke-MgIdentityGovernanceEntitlementManagementCatalogResourceRoleResourceScopeResourceUploadSessionUploadFile","suppress","System.Object[]","/identitygovernance/entitlementmanagement/catalogs/{}/resourceroles/{}/resource/scopes/{}/resource/uploadsessions/{}/uploadfile",""
"POST","/identitygovernance/entitlementmanagement/catalogs/{}/resources/{}/roles/{}/resource/uploadsessions","Identity.Governance","New-MgIdentityGovernanceEntitlementManagementCatalogResourceRoleResourceUploadSession","suppress","System.Object[]","/identitygovernance/entitlementmanagement/catalogs/{}/resourceroles/{}/resource/uploadsessions",""
"POST","/identitygovernance/entitlementmanagement/catalogs/{}/resources/{}/roles/{}/resource/uploadsessions/{}/uploadfile","Identity.Governance","Invoke-MgIdentityGovernanceEntitlementManagementCatalogResourceRoleResourceUploadSessionUploadFile","suppress","System.Object[]","/identitygovernance/entitlementmanagement/catalogs/{}/resourceroles/{}/resource/uploadsessions/{}/uploadfile",""
"POST","/identitygovernance/entitlementmanagement/catalogs/{}/resources/{}/scopes","Identity.Governance","New-MgIdentityGovernanceEntitlementManagementCatalogResourceScope","suppress","System.Object[]","/identitygovernance/entitlementmanagement/catalogs/{}/resourcescopes","New-MgEntitlementManagementCatalogResourceScope"
"POST","/identitygovernance/entitlementmanagement/catalogs/{}/resources/{}/scopes/{}/resource/refresh","Identity.Governance","Invoke-MgIdentityGovernanceEntitlementManagementCatalogResourceScopeResourceRefresh","rename","System.Object[]","/identitygovernance/entitlementmanagement/catalogs/{}/resourcescopes/{}/resource/refresh",""
"POST","/identitygovernance/entitlementmanagement/catalogs/{}/resources/{}/scopes/{}/resource/roles","Identity.Governance","New-MgIdentityGovernanceEntitlementManagementCatalogResourceScopeResourceRole","rename","System.Object[]","/identitygovernance/entitlementmanagement/catalogs/{}/resourcescopes/{}/resource/roles",""
"POST","/identitygovernance/entitlementmanagement/catalogs/{}/resources/{}/scopes/{}/resource/roles/{}/resource/refresh","Identity.Governance","Invoke-MgIdentityGovernanceEntitlementManagementCatalogResourceScopeResourceRoleResourceRefresh","rename","System.Object[]","/identitygovernance/entitlementmanagement/catalogs/{}/resourcescopes/{}/resource/roles/{}/resource/refresh",""
"POST","/identitygovernance/entitlementmanagement/catalogs/{}/resources/{}/scopes/{}/resource/roles/{}/resource/uploadsessions","Identity.Governance","New-MgIdentityGovernanceEntitlementManagementCatalogResourceScopeResourceRoleResourceUploadSession","suppress","System.Object[]","/identitygovernance/entitlementmanagement/catalogs/{}/resourcescopes/{}/resource/roles/{}/resource/uploadsessions",""
"POST","/identitygovernance/entitlementmanagement/catalogs/{}/resources/{}/scopes/{}/resource/roles/{}/resource/uploadsessions/{}/uploadfile","Identity.Governance","Invoke-MgIdentityGovernanceEntitlementManagementCatalogResourceScopeResourceRoleResourceUploadSessionUploadFile","suppress","System.Object[]","/identitygovernance/entitlementmanagement/catalogs/{}/resourcescopes/{}/resource/roles/{}/resource/uploadsessions/{}/uploadfile",""
"POST","/identitygovernance/entitlementmanagement/catalogs/{}/resources/{}/scopes/{}/resource/uploadsessions","Identity.Governance","New-MgIdentityGovernanceEntitlementManagementCatalogResourceScopeResourceUploadSession","suppress","System.Object[]","/identitygovernance/entitlementmanagement/catalogs/{}/resourcescopes/{}/resource/uploadsessions",""
"POST","/identitygovernance/entitlementmanagement/catalogs/{}/resources/{}/scopes/{}/resource/uploadsessions/{}/uploadfile","Identity.Governance","Invoke-MgIdentityGovernanceEntitlementManagementCatalogResourceScopeResourceUploadSessionUploadFile","suppress","System.Object[]","/identitygovernance/entitlementmanagement/catalogs/{}/resourcescopes/{}/resource/uploadsessions/{}/uploadfile",""
"POST","/identitygovernance/entitlementmanagement/catalogs/{}/resourcescopes","Identity.Governance","New-MgIdentityGovernanceEntitlementManagementCatalogResourceScope","rename","System.Object[]","/identitygovernance/entitlementmanagement/catalogs/{}/resources/{}/scopes",""
"POST","/identitygovernance/entitlementmanagement/catalogs/{}/resourcescopes/{}/resource/refresh","Identity.Governance","Invoke-MgIdentityGovernanceEntitlementManagementCatalogResourceScopeResourceRefresh","suppress","System.Object[]","/identitygovernance/entitlementmanagement/catalogs/{}/resources/{}/scopes/{}/resource/refresh","Update-MgEntitlementManagementCatalogResourceScopeResource"
"POST","/identitygovernance/entitlementmanagement/catalogs/{}/resourcescopes/{}/resource/roles","Identity.Governance","New-MgIdentityGovernanceEntitlementManagementCatalogResourceScopeResourceRole","suppress","System.Object[]","/identitygovernance/entitlementmanagement/catalogs/{}/resources/{}/scopes/{}/resource/roles","New-MgEntitlementManagementCatalogResourceScopeResourceRole"
"POST","/identitygovernance/entitlementmanagement/catalogs/{}/resourcescopes/{}/resource/roles/{}/resource/refresh","Identity.Governance","Invoke-MgIdentityGovernanceEntitlementManagementCatalogResourceScopeResourceRoleResourceRefresh","suppress","System.Object[]","/identitygovernance/entitlementmanagement/catalogs/{}/resources/{}/scopes/{}/resource/roles/{}/resource/refresh","Update-MgEntitlementManagementCatalogResourceScopeResourceRoleResource"
"POST","/identitygovernance/entitlementmanagement/catalogs/{}/resourcescopes/{}/resource/roles/{}/resource/uploadsessions","Identity.Governance","New-MgIdentityGovernanceEntitlementManagementCatalogResourceScopeResourceRoleResourceUploadSession","suppress","System.Object[]","/identitygovernance/entitlementmanagement/catalogs/{}/resources/{}/scopes/{}/resource/roles/{}/resource/uploadsessions",""
"POST","/identitygovernance/entitlementmanagement/catalogs/{}/resourcescopes/{}/resource/roles/{}/resource/uploadsessions/{}/uploadfile","Identity.Governance","Invoke-MgIdentityGovernanceEntitlementManagementCatalogResourceScopeResourceRoleResourceUploadSessionUploadFile","suppress","System.Object[]","/identitygovernance/entitlementmanagement/catalogs/{}/resources/{}/scopes/{}/resource/roles/{}/resource/uploadsessions/{}/uploadfile",""
"POST","/identitygovernance/entitlementmanagement/catalogs/{}/resourcescopes/{}/resource/uploadsessions","Identity.Governance","New-MgIdentityGovernanceEntitlementManagementCatalogResourceScopeResourceUploadSession","suppress","System.Object[]","/identitygovernance/entitlementmanagement/catalogs/{}/resources/{}/scopes/{}/resource/uploadsessions",""
"POST","/identitygovernance/entitlementmanagement/catalogs/{}/resourcescopes/{}/resource/uploadsessions/{}/uploadfile","Identity.Governance","Invoke-MgIdentityGovernanceEntitlementManagementCatalogResourceScopeResourceUploadSessionUploadFile","suppress","System.Object[]","/identitygovernance/entitlementmanagement/catalogs/{}/resources/{}/scopes/{}/resource/uploadsessions/{}/uploadfile",""
"POST","/identitygovernance/entitlementmanagement/resourcerequests/{}/catalog/resourceroles","Identity.Governance","New-MgIdentityGovernanceEntitlementManagementResourceRequestCatalogResourceRole","rename","System.Object[]","/identitygovernance/entitlementmanagement/resourcerequests/{}/catalog/resources/{}/roles",""
"POST","/identitygovernance/entitlementmanagement/resourcerequests/{}/catalog/resourceroles/{}/resource/refresh","Identity.Governance","Invoke-MgIdentityGovernanceEntitlementManagementResourceRequestCatalogResourceRoleResourceRefresh","rename","System.Object[]","/identitygovernance/entitlementmanagement/resourcerequests/{}/catalog/resources/{}/roles/{}/resource/refresh",""
"POST","/identitygovernance/entitlementmanagement/resourcerequests/{}/catalog/resourceroles/{}/resource/scopes","Identity.Governance","New-MgIdentityGovernanceEntitlementManagementResourceRequestCatalogResourceRoleResourceScope","rename","System.Object[]","/identitygovernance/entitlementmanagement/resourcerequests/{}/catalog/resources/{}/roles/{}/resource/scopes",""
"POST","/identitygovernance/entitlementmanagement/resourcerequests/{}/catalog/resourceroles/{}/resource/scopes/{}/resource/refresh","Identity.Governance","Invoke-MgIdentityGovernanceEntitlementManagementResourceRequestCatalogResourceRoleResourceScopeResourceRefresh","rename","System.Object[]","/identitygovernance/entitlementmanagement/resourcerequests/{}/catalog/resources/{}/roles/{}/resource/scopes/{}/resource/refresh",""
"POST","/identitygovernance/entitlementmanagement/resourcerequests/{}/catalog/resourceroles/{}/resource/scopes/{}/resource/uploadsessions","Identity.Governance","New-MgIdentityGovernanceEntitlementManagementResourceRequestCatalogResourceRoleResourceScopeResourceUploadSession","suppress","System.Object[]","/identitygovernance/entitlementmanagement/resourcerequests/{}/catalog/resources/{}/roles/{}/resource/scopes/{}/resource/uploadsessions",""
"POST","/identitygovernance/entitlementmanagement/resourcerequests/{}/catalog/resourceroles/{}/resource/scopes/{}/resource/uploadsessions/{}/uploadfile","Identity.Governance","Invoke-MgIdentityGovernanceEntitlementManagementResourceRequestCatalogResourceRoleResourceScopeResourceUploadSessionUploadFile","suppress","System.Object[]","/identitygovernance/entitlementmanagement/resourcerequests/{}/catalog/resources/{}/roles/{}/resource/scopes/{}/resource/uploadsessions/{}/uploadfile",""
"POST","/identitygovernance/entitlementmanagement/resourcerequests/{}/catalog/resourceroles/{}/resource/uploadsessions","Identity.Governance","New-MgIdentityGovernanceEntitlementManagementResourceRequestCatalogResourceRoleResourceUploadSession","suppress","System.Object[]","/identitygovernance/entitlementmanagement/resourcerequests/{}/catalog/resources/{}/roles/{}/resource/uploadsessions",""
"POST","/identitygovernance/entitlementmanagement/resourcerequests/{}/catalog/resourceroles/{}/resource/uploadsessions/{}/uploadfile","Identity.Governance","Invoke-MgIdentityGovernanceEntitlementManagementResourceRequestCatalogResourceRoleResourceUploadSessionUploadFile","suppress","System.Object[]","/identitygovernance/entitlementmanagement/resourcerequests/{}/catalog/resources/{}/roles/{}/resource/uploadsessions/{}/uploadfile",""
"POST","/identitygovernance/entitlementmanagement/resourcerequests/{}/catalog/resources/{}/roles","Identity.Governance","New-MgIdentityGovernanceEntitlementManagementResourceRequestCatalogResourceRole","suppress","System.Object[]","/identitygovernance/entitlementmanagement/resourcerequests/{}/catalog/resourceroles","New-MgEntitlementManagementResourceRequestCatalogResourceRole"
"POST","/identitygovernance/entitlementmanagement/resourcerequests/{}/catalog/resources/{}/roles/{}/resource/refresh","Identity.Governance","Invoke-MgIdentityGovernanceEntitlementManagementResourceRequestCatalogResourceRoleResourceRefresh","suppress","System.Object[]","/identitygovernance/entitlementmanagement/resourcerequests/{}/catalog/resourceroles/{}/resource/refresh","Update-MgEntitlementManagementResourceRequestCatalogResourceRoleResource"
"POST","/identitygovernance/entitlementmanagement/resourcerequests/{}/catalog/resources/{}/roles/{}/resource/scopes","Identity.Governance","New-MgIdentityGovernanceEntitlementManagementResourceRequestCatalogResourceRoleResourceScope","suppress","System.Object[]","/identitygovernance/entitlementmanagement/resourcerequests/{}/catalog/resourceroles/{}/resource/scopes","New-MgEntitlementManagementResourceRequestCatalogResourceRoleResourceScope"
"POST","/identitygovernance/entitlementmanagement/resourcerequests/{}/catalog/resources/{}/roles/{}/resource/scopes/{}/resource/refresh","Identity.Governance","Invoke-MgIdentityGovernanceEntitlementManagementResourceRequestCatalogResourceRoleResourceScopeResourceRefresh","suppress","System.Object[]","/identitygovernance/entitlementmanagement/resourcerequests/{}/catalog/resourceroles/{}/resource/scopes/{}/resource/refresh","Update-MgEntitlementManagementResourceRequestCatalogResourceRoleResourceScopeResource"
"POST","/identitygovernance/entitlementmanagement/resourcerequests/{}/catalog/resources/{}/roles/{}/resource/scopes/{}/resource/uploadsessions","Identity.Governance","New-MgIdentityGovernanceEntitlementManagementResourceRequestCatalogResourceRoleResourceScopeResourceUploadSession","suppress","System.Object[]","/identitygovernance/entitlementmanagement/resourcerequests/{}/catalog/resourceroles/{}/resource/scopes/{}/resource/uploadsessions",""
"POST","/identitygovernance/entitlementmanagement/resourcerequests/{}/catalog/resources/{}/roles/{}/resource/scopes/{}/resource/uploadsessions/{}/uploadfile","Identity.Governance","Invoke-MgIdentityGovernanceEntitlementManagementResourceRequestCatalogResourceRoleResourceScopeResourceUploadSessionUploadFile","suppress","System.Object[]","/identitygovernance/entitlementmanagement/resourcerequests/{}/catalog/resourceroles/{}/resource/scopes/{}/resource/uploadsessions/{}/uploadfile",""
"POST","/identitygovernance/entitlementmanagement/resourcerequests/{}/catalog/resources/{}/roles/{}/resource/uploadsessions","Identity.Governance","New-MgIdentityGovernanceEntitlementManagementResourceRequestCatalogResourceRoleResourceUploadSession","suppress","System.Object[]","/identitygovernance/entitlementmanagement/resourcerequests/{}/catalog/resourceroles/{}/resource/uploadsessions",""
"POST","/identitygovernance/entitlementmanagement/resourcerequests/{}/catalog/resources/{}/roles/{}/resource/uploadsessions/{}/uploadfile","Identity.Governance","Invoke-MgIdentityGovernanceEntitlementManagementResourceRequestCatalogResourceRoleResourceUploadSessionUploadFile","suppress","System.Object[]","/identitygovernance/entitlementmanagement/resourcerequests/{}/catalog/resourceroles/{}/resource/uploadsessions/{}/uploadfile",""
"POST","/identitygovernance/entitlementmanagement/resourcerequests/{}/catalog/resources/{}/scopes","Identity.Governance","New-MgIdentityGovernanceEntitlementManagementResourceRequestCatalogResourceScope","suppress","System.Object[]","/identitygovernance/entitlementmanagement/resourcerequests/{}/catalog/resourcescopes","New-MgEntitlementManagementResourceRequestCatalogResourceScope"
"POST","/identitygovernance/entitlementmanagement/resourcerequests/{}/catalog/resources/{}/scopes/{}/resource/refresh","Identity.Governance","Invoke-MgIdentityGovernanceEntitlementManagementResourceRequestCatalogResourceScopeResourceRefresh","rename","System.Object[]","/identitygovernance/entitlementmanagement/resourcerequests/{}/catalog/resourcescopes/{}/resource/refresh",""
"POST","/identitygovernance/entitlementmanagement/resourcerequests/{}/catalog/resources/{}/scopes/{}/resource/roles","Identity.Governance","New-MgIdentityGovernanceEntitlementManagementResourceRequestCatalogResourceScopeResourceRole","rename","System.Object[]","/identitygovernance/entitlementmanagement/resourcerequests/{}/catalog/resourcescopes/{}/resource/roles",""
"POST","/identitygovernance/entitlementmanagement/resourcerequests/{}/catalog/resources/{}/scopes/{}/resource/roles/{}/resource/refresh","Identity.Governance","Invoke-MgIdentityGovernanceEntitlementManagementResourceRequestCatalogResourceScopeResourceRoleResourceRefresh","rename","System.Object[]","/identitygovernance/entitlementmanagement/resourcerequests/{}/catalog/resourcescopes/{}/resource/roles/{}/resource/refresh",""
"POST","/identitygovernance/entitlementmanagement/resourcerequests/{}/catalog/resources/{}/scopes/{}/resource/roles/{}/resource/uploadsessions","Identity.Governance","New-MgIdentityGovernanceEntitlementManagementResourceRequestCatalogResourceScopeResourceRoleResourceUploadSession","suppress","System.Object[]","/identitygovernance/entitlementmanagement/resourcerequests/{}/catalog/resourcescopes/{}/resource/roles/{}/resource/uploadsessions",""
"POST","/identitygovernance/entitlementmanagement/resourcerequests/{}/catalog/resources/{}/scopes/{}/resource/roles/{}/resource/uploadsessions/{}/uploadfile","Identity.Governance","Invoke-MgIdentityGovernanceEntitlementManagementResourceRequestCatalogResourceScopeResourceRoleResourceUploadSessionUploadFile","suppress","System.Object[]","/identitygovernance/entitlementmanagement/resourcerequests/{}/catalog/resourcescopes/{}/resource/roles/{}/resource/uploadsessions/{}/uploadfile",""
"POST","/identitygovernance/entitlementmanagement/resourcerequests/{}/catalog/resources/{}/scopes/{}/resource/uploadsessions","Identity.Governance","New-MgIdentityGovernanceEntitlementManagementResourceRequestCatalogResourceScopeResourceUploadSession","suppress","System.Object[]","/identitygovernance/entitlementmanagement/resourcerequests/{}/catalog/resourcescopes/{}/resource/uploadsessions",""
"POST","/identitygovernance/entitlementmanagement/resourcerequests/{}/catalog/resources/{}/scopes/{}/resource/uploadsessions/{}/uploadfile","Identity.Governance","Invoke-MgIdentityGovernanceEntitlementManagementResourceRequestCatalogResourceScopeResourceUploadSessionUploadFile","suppress","System.Object[]","/identitygovernance/entitlementmanagement/resourcerequests/{}/catalog/resourcescopes/{}/resource/uploadsessions/{}/uploadfile",""
"POST","/identitygovernance/entitlementmanagement/resourcerequests/{}/catalog/resourcescopes","Identity.Governance","New-MgIdentityGovernanceEntitlementManagementResourceRequestCatalogResourceScope","rename","System.Object[]","/identitygovernance/entitlementmanagement/resourcerequests/{}/catalog/resources/{}/scopes",""
"POST","/identitygovernance/entitlementmanagement/resourcerequests/{}/catalog/resourcescopes/{}/resource/refresh","Identity.Governance","Invoke-MgIdentityGovernanceEntitlementManagementResourceRequestCatalogResourceScopeResourceRefresh","suppress","System.Object[]","/identitygovernance/entitlementmanagement/resourcerequests/{}/catalog/resources/{}/scopes/{}/resource/refresh","Update-MgEntitlementManagementResourceRequestCatalogResourceScopeResource"
"POST","/identitygovernance/entitlementmanagement/resourcerequests/{}/catalog/resourcescopes/{}/resource/roles","Identity.Governance","New-MgIdentityGovernanceEntitlementManagementResourceRequestCatalogResourceScopeResourceRole","suppress","System.Object[]","/identitygovernance/entitlementmanagement/resourcerequests/{}/catalog/resources/{}/scopes/{}/resource/roles","New-MgEntitlementManagementResourceRequestCatalogResourceScopeResourceRole"
"POST","/identitygovernance/entitlementmanagement/resourcerequests/{}/catalog/resourcescopes/{}/resource/roles/{}/resource/refresh","Identity.Governance","Invoke-MgIdentityGovernanceEntitlementManagementResourceRequestCatalogResourceScopeResourceRoleResourceRefresh","suppress","System.Object[]","/identitygovernance/entitlementmanagement/resourcerequests/{}/catalog/resources/{}/scopes/{}/resource/roles/{}/resource/refresh","Update-MgEntitlementManagementResourceRequestCatalogResourceScopeResourceRoleResource"
"POST","/identitygovernance/entitlementmanagement/resourcerequests/{}/catalog/resourcescopes/{}/resource/roles/{}/resource/uploadsessions","Identity.Governance","New-MgIdentityGovernanceEntitlementManagementResourceRequestCatalogResourceScopeResourceRoleResourceUploadSession","suppress","System.Object[]","/identitygovernance/entitlementmanagement/resourcerequests/{}/catalog/resources/{}/scopes/{}/resource/roles/{}/resource/uploadsessions",""
"POST","/identitygovernance/entitlementmanagement/resourcerequests/{}/catalog/resourcescopes/{}/resource/roles/{}/resource/uploadsessions/{}/uploadfile","Identity.Governance","Invoke-MgIdentityGovernanceEntitlementManagementResourceRequestCatalogResourceScopeResourceRoleResourceUploadSessionUploadFile","suppress","System.Object[]","/identitygovernance/entitlementmanagement/resourcerequests/{}/catalog/resources/{}/scopes/{}/resource/roles/{}/resource/uploadsessions/{}/uploadfile",""
"POST","/identitygovernance/entitlementmanagement/resourcerequests/{}/catalog/resourcescopes/{}/resource/uploadsessions","Identity.Governance","New-MgIdentityGovernanceEntitlementManagementResourceRequestCatalogResourceScopeResourceUploadSession","suppress","System.Object[]","/identitygovernance/entitlementmanagement/resourcerequests/{}/catalog/resources/{}/scopes/{}/resource/uploadsessions",""
"POST","/identitygovernance/entitlementmanagement/resourcerequests/{}/catalog/resourcescopes/{}/resource/uploadsessions/{}/uploadfile","Identity.Governance","Invoke-MgIdentityGovernanceEntitlementManagementResourceRequestCatalogResourceScopeResourceUploadSessionUploadFile","suppress","System.Object[]","/identitygovernance/entitlementmanagement/resourcerequests/{}/catalog/resources/{}/scopes/{}/resource/uploadsessions/{}/uploadfile",""
"POST","/security/cases/ediscoverycases/{}/custodians/{}/microsoft.graph.security.applyhold","Security","Invoke-MgSecurityCaseEdiscoveryCaseCustodianApplyHold","rename","System.Object[]","/security/cases/ediscoverycases/{}/custodians/microsoft.graph.security.applyhold",""
"POST","/security/cases/ediscoverycases/{}/custodians/{}/microsoft.graph.security.removehold","Security","Invoke-MgSecurityCaseEdiscoveryCaseCustodianRemoveHold","rename","System.Object[]","/security/cases/ediscoverycases/{}/custodians/microsoft.graph.security.removehold",""
"POST","/security/cases/ediscoverycases/{}/custodians/microsoft.graph.security.applyhold","Security","Invoke-MgSecurityCaseEdiscoveryCaseCustodianApplyHold","suppress","System.Object[]","/security/cases/ediscoverycases/{}/custodians/{}/microsoft.graph.security.applyhold",""
"POST","/security/cases/ediscoverycases/{}/custodians/microsoft.graph.security.removehold","Security","Invoke-MgSecurityCaseEdiscoveryCaseCustodianRemoveHold","suppress","System.Object[]","/security/cases/ediscoverycases/{}/custodians/{}/microsoft.graph.security.removehold",""
"POST","/security/cases/ediscoverycases/{}/noncustodialdatasources/{}/microsoft.graph.security.applyhold","Security","Invoke-MgSecurityCaseEdiscoveryCaseNoncustodialDataSourceApplyHold","rename","System.Object[]","/security/cases/ediscoverycases/{}/noncustodialdatasources/microsoft.graph.security.applyhold",""
"POST","/security/cases/ediscoverycases/{}/noncustodialdatasources/{}/microsoft.graph.security.removehold","Security","Invoke-MgSecurityCaseEdiscoveryCaseNoncustodialDataSourceRemoveHold","rename","System.Object[]","/security/cases/ediscoverycases/{}/noncustodialdatasources/microsoft.graph.security.removehold",""
"POST","/security/cases/ediscoverycases/{}/noncustodialdatasources/microsoft.graph.security.applyhold","Security","Invoke-MgSecurityCaseEdiscoveryCaseNoncustodialDataSourceApplyHold","suppress","System.Object[]","/security/cases/ediscoverycases/{}/noncustodialdatasources/{}/microsoft.graph.security.applyhold",""
"POST","/security/cases/ediscoverycases/{}/noncustodialdatasources/microsoft.graph.security.removehold","Security","Invoke-MgSecurityCaseEdiscoveryCaseNoncustodialDataSourceRemoveHold","suppress","System.Object[]","/security/cases/ediscoverycases/{}/noncustodialdatasources/{}/microsoft.graph.security.removehold",""
"POST","/serviceprincipals/{}/synchronization/jobs/{}/validatecredentials","Applications","Invoke-MgServicePrincipalSynchronizationJobValidateCredentials","rename","System.Object[]","/serviceprincipals/{}/synchronization/jobs/validatecredentials",""
"POST","/serviceprincipals/{}/synchronization/jobs/validatecredentials","Applications","Invoke-MgServicePrincipalSynchronizationJobValidateCredentials","suppress","System.Object[]","/serviceprincipals/{}/synchronization/jobs/{}/validatecredentials","Test-MgServicePrincipalSynchronizationJobCredential"
"POST","/sites/{}/termstore/groups/{}/sets/{}/children","Sites","New-MgSiteTermStoreGroupSetChild","keep","System.Object[]","/sites/{}/termstore/groups/{}/sets/{}/children/{}/children",""
"POST","/sites/{}/termstore/groups/{}/sets/{}/children/{}/children","Sites","New-MgSiteTermStoreGroupSetChild","suppress","System.Object[]","/sites/{}/termstore/groups/{}/sets/{}/children","New-MgSiteTermStoreGroupSetChild"
"POST","/sites/{}/termstore/groups/{}/sets/{}/children/{}/children/{}/relations","Sites","New-MgSiteTermStoreGroupSetChildRelation","keep","System.Object[]","/sites/{}/termstore/groups/{}/sets/{}/children/{}/relations",""
"POST","/sites/{}/termstore/groups/{}/sets/{}/children/{}/relations","Sites","New-MgSiteTermStoreGroupSetChildRelation","suppress","System.Object[]","/sites/{}/termstore/groups/{}/sets/{}/children/{}/children/{}/relations","New-MgSiteTermStoreGroupSetChildRelation"
"POST","/sites/{}/termstore/sets/{}/children","Sites","New-MgSiteTermStoreSetChild","keep","System.Object[]","/sites/{}/termstore/sets/{}/children/{}/children",""
"POST","/sites/{}/termstore/sets/{}/children/{}/children","Sites","New-MgSiteTermStoreSetChild","suppress","System.Object[]","/sites/{}/termstore/sets/{}/children","New-MgSiteTermStoreSetChild"
"POST","/sites/{}/termstore/sets/{}/children/{}/children/{}/relations","Sites","New-MgSiteTermStoreSetChildRelation","keep","System.Object[]","/sites/{}/termstore/sets/{}/children/{}/relations",""
"POST","/sites/{}/termstore/sets/{}/children/{}/relations","Sites","New-MgSiteTermStoreSetChildRelation","suppress","System.Object[]","/sites/{}/termstore/sets/{}/children/{}/children/{}/relations","New-MgSiteTermStoreSetChildRelation"
"POST","/sites/{}/termstore/sets/{}/parentgroup/sets/{}/children","Sites","New-MgSiteTermStoreSetParentGroupSetChild","keep","System.Object[]","/sites/{}/termstore/sets/{}/parentgroup/sets/{}/children/{}/children",""
"POST","/sites/{}/termstore/sets/{}/parentgroup/sets/{}/children/{}/children","Sites","New-MgSiteTermStoreSetParentGroupSetChild","suppress","System.Object[]","/sites/{}/termstore/sets/{}/parentgroup/sets/{}/children","New-MgSiteTermStoreSetParentGroupSetChild"
"POST","/sites/{}/termstore/sets/{}/parentgroup/sets/{}/children/{}/children/{}/relations","Sites","New-MgSiteTermStoreSetParentGroupSetChildRelation","keep","System.Object[]","/sites/{}/termstore/sets/{}/parentgroup/sets/{}/children/{}/relations",""
"POST","/sites/{}/termstore/sets/{}/parentgroup/sets/{}/children/{}/relations","Sites","New-MgSiteTermStoreSetParentGroupSetChildRelation","suppress","System.Object[]","/sites/{}/termstore/sets/{}/parentgroup/sets/{}/children/{}/children/{}/relations","New-MgSiteTermStoreSetParentGroupSetChildRelation"
"POST","/users/{}/calendar/getschedule","Calendar","Invoke-MgUserCalendarGetSchedule","suppress","System.Object[]","/users/{}/calendars/{}/getschedule",""
"POST","/users/{}/calendar/permanentdelete","Calendar","Invoke-MgUserCalendarPermanentDelete","rename","System.Object[]","/users/{}/calendars/{}/permanentdelete",""
"POST","/users/{}/calendars/{}/getschedule","Calendar","Invoke-MgUserCalendarGetSchedule","suppress","System.Object[]","/users/{}/calendar/getschedule",""
"POST","/users/{}/calendars/{}/permanentdelete","Calendar","Invoke-MgUserCalendarPermanentDelete","suppress","System.Object[]","/users/{}/calendar/permanentdelete","Remove-MgUserCalendarPermanent"
